County,State,Income,Year
autauga,alabama,39721.0,2016
baldwin,alabama,41286.0,2016
barbour,alabama,31788.0,2016
bibb,alabama,29264.0,2016
blount,alabama,31470.0,2016
bullock,alabama,26661.0,2016
butler,alabama,33694.0,2016
calhoun,alabama,34401.0,2016
chambers,alabama,31925.0,2016
cherokee,alabama,33057.0,2016
chilton,alabama,32041.0,2016
choctaw,alabama,31926.0,2016
clarke,alabama,33096.0,2016
clay,alabama,33452.0,2016
cleburne,alabama,31917.0,2016
coffee,alabama,39923.0,2016
colbert,alabama,36422.0,2016
conecuh,alabama,30349.0,2016
coosa,alabama,29276.0,2016
covington,alabama,32340.0,2016
crenshaw,alabama,33684.0,2016
cullman,alabama,36315.0,2016
dale,alabama,34673.0,2016
dallas,alabama,33578.0,2016
dekalb,alabama,29610.0,2016
elmore,alabama,39226.0,2016
escambia,alabama,31174.0,2016
etowah,alabama,34932.0,2016
fayette,alabama,31296.0,2016
franklin,alabama,32203.0,2016
geneva,alabama,32418.0,2016
greene,alabama,32245.0,2016
hale,alabama,35388.0,2016
henry,alabama,36952.0,2016
houston,alabama,39321.0,2016
jackson,alabama,34151.0,2016
jefferson,alabama,49386.0,2016
lamar,alabama,30954.0,2016
lauderdale,alabama,35485.0,2016
lawrence,alabama,31245.0,2016
lee,alabama,34372.0,2016
limestone,alabama,37913.0,2016
lowndes,alabama,37049.0,2016
macon,alabama,31579.0,2016
madison,alabama,47095.0,2016
marengo,alabama,36551.0,2016
marion,alabama,29273.0,2016
marshall,alabama,33640.0,2016
mobile,alabama,35951.0,2016
monroe,alabama,32219.0,2016
montgomery,alabama,41404.0,2016
morgan,alabama,36746.0,2016
perry,alabama,30099.0,2016
pickens,alabama,29966.0,2016
pike,alabama,35287.0,2016
randolph,alabama,32160.0,2016
russell,alabama,30214.0,2016
st. clair,alabama,34676.0,2016
shelby,alabama,50421.0,2016
sumter,alabama,30845.0,2016
talladega,alabama,32172.0,2016
tallapoosa,alabama,37320.0,2016
tuscaloosa,alabama,35909.0,2016
walker,alabama,37191.0,2016
washington,alabama,33889.0,2016
wilcox,alabama,28553.0,2016
winston,alabama,33215.0,2016
aleutian islands census area,alaska,,2016
aleutians east borough,alaska,60284.0,2016
aleutians west census area,alaska,56105.0,2016
anchorage municipality,alaska,62317.0,2016
bethel census area,alaska,40826.0,2016
bristol bay borough,alaska,64069.0,2016
denali borough,alaska,69535.0,2016
dillingham census area,alaska,53923.0,2016
fairbanks north star borough,alaska,53647.0,2016
haines borough,alaska,50667.0,2016
hoonah-angoon census area,alaska,55511.0,2016
juneau city and borough,alaska,63070.0,2016
kenai peninsula borough,alaska,50691.0,2016
ketchikan gateway borough,alaska,63222.0,2016
kodiak island borough,alaska,58843.0,2016
kusilvak census area,alaska,31301.0,2016
lake and peninsula borough,alaska,54491.0,2016
matanuska-susitna borough,alaska,44880.0,2016
nome census area,alaska,50254.0,2016
north slope borough,alaska,37332.0,2016
northwest arctic borough,alaska,48039.0,2016
petersburg census area,alaska,62773.0,2016
prince of wales-hyder census area,alaska,40750.0,2016
prince of wales-outer ketchikan census area,alaska,,2016
sitka city and borough,alaska,62537.0,2016
skagway municipality,alaska,77977.0,2016
skagway-yakutat-angoon census area,alaska,,2016
skagway-hoonah-angoon census area,alaska,,2016
southeast fairbanks census area,alaska,43473.0,2016
valdez-cordova census area,alaska,61337.0,2016
wrangell city and borough,alaska,47105.0,2016
wrangell-petersburg census area,alaska,,2016
yakutat city and borough,alaska,54161.0,2016
yukon-koyukuk census area,alaska,54850.0,2016
aleutian islands division,alaska,,2016
angoon division,alaska,,2016
barrow-north slope division,alaska,,2016
bethel division,alaska,,2016
bristol bay division,alaska,,2016
cordova-mccarthy division,alaska,,2016
haines division,alaska,,2016
kenai-cook inlet division,alaska,,2016
kuskokwim division,alaska,,2016
outer ketchikan division,alaska,,2016
prince of wales division,alaska,,2016
seward division,alaska,,2016
sitka division,alaska,,2016
skagway-yakutat division,alaska,,2016
southeast fairbanks division,alaska,,2016
upper yukon division,alaska,,2016
valdez-chitina-whittier division,alaska,,2016
wrangell-petersburg division,alaska,,2016
yukon-koyukuk division,alaska,,2016
apache,arizona,29737.0,2016
cochise,arizona,38962.0,2016
coconino,arizona,42057.0,2016
gila,arizona,36294.0,2016
graham,arizona,29689.0,2016
greenlee,arizona,36936.0,2016
la paz,arizona,31781.0,2016
maricopa,arizona,43628.0,2016
mohave,arizona,30045.0,2016
navajo,arizona,29408.0,2016
pima,arizona,39541.0,2016
pinal,arizona,27930.0,2016
santa cruz,arizona,35052.0,2016
yavapai,arizona,36353.0,2016
yuma,arizona,33365.0,2016
arkansas,arkansas,43192.0,2016
ashley,arkansas,33361.0,2016
baxter,arkansas,34537.0,2016
benton,arkansas,76554.0,2016
boone,arkansas,33026.0,2016
bradley,arkansas,32521.0,2016
calhoun,arkansas,31737.0,2016
carroll,arkansas,31339.0,2016
chicot,arkansas,33652.0,2016
clark,arkansas,32165.0,2016
clay,arkansas,34214.0,2016
cleburne,arkansas,34327.0,2016
cleveland,arkansas,35555.0,2016
columbia,arkansas,33634.0,2016
conway,arkansas,35815.0,2016
craighead,arkansas,35378.0,2016
crawford,arkansas,30558.0,2016
crittenden,arkansas,34830.0,2016
cross,arkansas,36379.0,2016
dallas,arkansas,31779.0,2016
desha,arkansas,39436.0,2016
drew,arkansas,35643.0,2016
faulkner,arkansas,35159.0,2016
franklin,arkansas,29923.0,2016
fulton,arkansas,26359.0,2016
garland,arkansas,38579.0,2016
grant,arkansas,35588.0,2016
greene,arkansas,32755.0,2016
hempstead,arkansas,29930.0,2016
hot spring,arkansas,29937.0,2016
howard,arkansas,31346.0,2016
independence,arkansas,33964.0,2016
izard,arkansas,29557.0,2016
jackson,arkansas,33433.0,2016
jefferson,arkansas,33224.0,2016
johnson,arkansas,26592.0,2016
lafayette,arkansas,33009.0,2016
lawrence,arkansas,32104.0,2016
lee,arkansas,27395.0,2016
lincoln,arkansas,25132.0,2016
little river,arkansas,33145.0,2016
logan,arkansas,33299.0,2016
lonoke,arkansas,36742.0,2016
madison,arkansas,31416.0,2016
marion,arkansas,29903.0,2016
miller,arkansas,32138.0,2016
mississippi,arkansas,32145.0,2016
monroe,arkansas,36461.0,2016
montgomery,arkansas,28051.0,2016
nevada,arkansas,33393.0,2016
newton,arkansas,26897.0,2016
ouachita,arkansas,34382.0,2016
perry,arkansas,32773.0,2016
phillips,arkansas,31486.0,2016
pike,arkansas,30388.0,2016
poinsett,arkansas,30326.0,2016
polk,arkansas,28672.0,2016
pope,arkansas,33331.0,2016
prairie,arkansas,33415.0,2016
pulaski,arkansas,47834.0,2016
randolph,arkansas,31265.0,2016
st. francis,arkansas,26627.0,2016
saline,arkansas,38282.0,2016
scott,arkansas,29343.0,2016
searcy,arkansas,27937.0,2016
sebastian,arkansas,39346.0,2016
sevier,arkansas,26792.0,2016
sharp,arkansas,31357.0,2016
stone,arkansas,28013.0,2016
union,arkansas,44731.0,2016
van buren,arkansas,29876.0,2016
washington,arkansas,36776.0,2016
white,arkansas,32966.0,2016
woodruff,arkansas,35951.0,2016
yell,arkansas,30471.0,2016
alameda,california,65884.0,2016
alpine,california,80810.0,2016
amador,california,42787.0,2016
butte,california,41725.0,2016
calaveras,california,48559.0,2016
colusa,california,47020.0,2016
contra costa,california,70840.0,2016
del norte,california,34199.0,2016
el dorado,california,61206.0,2016
fresno,california,40101.0,2016
glenn,california,41820.0,2016
humboldt,california,43573.0,2016
imperial,california,34122.0,2016
inyo,california,55171.0,2016
kern,california,37714.0,2016
kings,california,34287.0,2016
lake,california,39930.0,2016
lassen,california,37446.0,2016
los angeles,california,55624.0,2016
madera,california,37529.0,2016
marin,california,115952.0,2016
mariposa,california,49482.0,2016
mendocino,california,45436.0,2016
merced,california,36804.0,2016
modoc,california,43354.0,2016
mono,california,48166.0,2016
monterey,california,52448.0,2016
napa,california,65805.0,2016
nevada,california,56194.0,2016
orange,california,62071.0,2016
placer,california,60360.0,2016
plumas,california,48976.0,2016
riverside,california,36782.0,2016
sacramento,california,48122.0,2016
san benito,california,46392.0,2016
san bernardino,california,36835.0,2016
san diego,california,55168.0,2016
san francisco,california,110418.0,2016
san joaquin,california,40458.0,2016
san luis obispo,california,51442.0,2016
san mateo,california,105721.0,2016
santa barbara,california,56048.0,2016
santa clara,california,88920.0,2016
santa cruz,california,59455.0,2016
shasta,california,42411.0,2016
sierra,california,40537.0,2016
siskiyou,california,41514.0,2016
solano,california,46151.0,2016
sonoma,california,56567.0,2016
stanislaus,california,41299.0,2016
sutter,california,41520.0,2016
tehama,california,37592.0,2016
trinity,california,38152.0,2016
tulare,california,37717.0,2016
tuolumne,california,43428.0,2016
ventura,california,55779.0,2016
yolo,california,49854.0,2016
yuba,california,39214.0,2016
adams,colorado,38378.0,2016
alamosa,colorado,35144.0,2016
arapahoe,colorado,54452.0,2016
archuleta,colorado,40147.0,2016
baca,colorado,37935.0,2016
bent,colorado,30411.0,2016
boulder,colorado,63707.0,2016
broomfield,colorado,73129.0,2016
chaffee,colorado,39850.0,2016
cheyenne,colorado,50622.0,2016
clear creek,colorado,54374.0,2016
conejos,colorado,35429.0,2016
costilla,colorado,32313.0,2016
crowley,colorado,25522.0,2016
custer,colorado,42468.0,2016
delta,colorado,32318.0,2016
denver,colorado,67256.0,2016
dolores,colorado,30593.0,2016
douglas,colorado,67139.0,2016
eagle,colorado,64581.0,2016
elbert,colorado,50865.0,2016
el paso,colorado,44409.0,2016
fremont,colorado,32016.0,2016
garfield,colorado,55227.0,2016
gilpin,colorado,41501.0,2016
grand,colorado,41666.0,2016
gunnison,colorado,43473.0,2016
hinsdale,colorado,44660.0,2016
huerfano,colorado,37502.0,2016
jackson,colorado,45658.0,2016
jefferson,colorado,56363.0,2016
kiowa,colorado,51194.0,2016
kit carson,colorado,33278.0,2016
lake,colorado,33575.0,2016
la plata,colorado,51117.0,2016
larimer,colorado,47117.0,2016
las animas,colorado,37032.0,2016
lincoln,colorado,31348.0,2016
logan,colorado,46730.0,2016
mesa,colorado,39118.0,2016
mineral,colorado,62466.0,2016
moffat,colorado,39244.0,2016
montezuma,colorado,37481.0,2016
montrose,colorado,35714.0,2016
morgan,colorado,40280.0,2016
otero,colorado,34271.0,2016
ouray,colorado,51000.0,2016
park,colorado,40343.0,2016
phillips,colorado,42762.0,2016
pitkin,colorado,128738.0,2016
prowers,colorado,38812.0,2016
pueblo,colorado,36148.0,2016
rio blanco,colorado,39483.0,2016
rio grande,colorado,41807.0,2016
routt,colorado,71167.0,2016
saguache,colorado,34942.0,2016
san juan,colorado,49144.0,2016
san miguel,colorado,75876.0,2016
sedgwick,colorado,47266.0,2016
summit,colorado,58386.0,2016
teller,colorado,45849.0,2016
washington,colorado,38098.0,2016
weld,colorado,42701.0,2016
yuma,colorado,52835.0,2016
fairfield,connecticut,106666.0,2016
hartford,connecticut,59869.0,2016
litchfield,connecticut,59568.0,2016
middlesex,connecticut,62833.0,2016
new haven,connecticut,52603.0,2016
new london,connecticut,53885.0,2016
tolland,connecticut,52466.0,2016
windham,connecticut,43636.0,2016
kent,delaware,38498.0,2016
new castle,delaware,51034.0,2016
sussex,delaware,47303.0,2016
district of columbia,washington dc,76108.0,2016
alachua,florida,41008.0,2016
baker,florida,28716.0,2016
bay,florida,40926.0,2016
bradford,florida,28508.0,2016
brevard,florida,41685.0,2016
broward,florida,46906.0,2016
calhoun,florida,24768.0,2016
charlotte,florida,38473.0,2016
citrus,florida,36200.0,2016
clay,florida,40079.0,2016
collier,florida,84101.0,2016
columbia,florida,32595.0,2016
desoto,florida,23023.0,2016
dixie,florida,25981.0,2016
duval,florida,42574.0,2016
escambia,florida,39582.0,2016
flagler,florida,40447.0,2016
franklin,florida,35334.0,2016
gadsden,florida,31480.0,2016
gilchrist,florida,31808.0,2016
glades,florida,23041.0,2016
gulf,florida,30980.0,2016
hamilton,florida,24805.0,2016
hardee,florida,25246.0,2016
hendry,florida,29556.0,2016
hernando,florida,34413.0,2016
highlands,florida,32135.0,2016
hillsborough,florida,43803.0,2016
holmes,florida,27421.0,2016
indian river,florida,68491.0,2016
jackson,florida,30632.0,2016
jefferson,florida,37322.0,2016
lafayette,florida,21736.0,2016
lake,florida,38266.0,2016
lee,florida,45768.0,2016
leon,florida,40758.0,2016
levy,florida,32883.0,2016
liberty,florida,26066.0,2016
madison,florida,29557.0,2016
manatee,florida,44158.0,2016
marion,florida,34765.0,2016
martin,florida,73296.0,2016
miami-dade,florida,45440.0,2016
monroe,florida,74230.0,2016
nassau,florida,51924.0,2016
okaloosa,florida,46836.0,2016
okeechobee,florida,29106.0,2016
orange,florida,41515.0,2016
osceola,florida,30655.0,2016
palm beach,florida,71946.0,2016
pasco,florida,37083.0,2016
pinellas,florida,49186.0,2016
polk,florida,34199.0,2016
putnam,florida,29182.0,2016
st. johns,florida,61423.0,2016
st. lucie,florida,36196.0,2016
santa rosa,florida,40727.0,2016
sarasota,florida,59013.0,2016
seminole,florida,44703.0,2016
sumter,florida,39534.0,2016
suwannee,florida,29944.0,2016
taylor,florida,29775.0,2016
union,florida,19374.0,2016
volusia,florida,38807.0,2016
wakulla,florida,32414.0,2016
walton,florida,52662.0,2016
washington,florida,27704.0,2016
appling,georgia,31144.0,2016
atkinson,georgia,27500.0,2016
bacon,georgia,30164.0,2016
baker,georgia,35296.0,2016
baldwin,georgia,30367.0,2016
banks,georgia,32825.0,2016
barrow,georgia,33635.0,2016
bartow,georgia,35306.0,2016
ben hill,georgia,28165.0,2016
berrien,georgia,29118.0,2016
bibb,georgia,39335.0,2016
bleckley,georgia,30672.0,2016
brantley,georgia,25762.0,2016
brooks,georgia,32601.0,2016
bryan,georgia,48033.0,2016
bulloch,georgia,29737.0,2016
burke,georgia,33809.0,2016
butts,georgia,30948.0,2016
calhoun,georgia,26741.0,2016
camden,georgia,33102.0,2016
candler,georgia,28191.0,2016
carroll,georgia,34723.0,2016
catoosa,georgia,33083.0,2016
charlton,georgia,25109.0,2016
chatham,georgia,43076.0,2016
chattahoochee,georgia,32900.0,2016
chattooga,georgia,28840.0,2016
cherokee,georgia,46547.0,2016
clarke,georgia,31065.0,2016
clay,georgia,32140.0,2016
clayton,georgia,26862.0,2016
clinch,georgia,32087.0,2016
cobb,georgia,51308.0,2016
coffee,georgia,29745.0,2016
colquitt,georgia,30506.0,2016
columbia,georgia,45908.0,2016
cook,georgia,27224.0,2016
coweta,georgia,41785.0,2016
crawford,georgia,32227.0,2016
crisp,georgia,28315.0,2016
dade,georgia,31181.0,2016
dawson,georgia,39826.0,2016
decatur,georgia,34493.0,2016
dekalb,georgia,45445.0,2016
dodge,georgia,28313.0,2016
dooly,georgia,24737.0,2016
dougherty,georgia,34074.0,2016
douglas,georgia,32966.0,2016
early,georgia,38193.0,2016
echols,georgia,23699.0,2016
effingham,georgia,37934.0,2016
elbert,georgia,32857.0,2016
emanuel,georgia,28687.0,2016
evans,georgia,32219.0,2016
fannin,georgia,32139.0,2016
fayette,georgia,56759.0,2016
floyd,georgia,36470.0,2016
forsyth,georgia,58369.0,2016
franklin,georgia,35011.0,2016
fulton,georgia,74095.0,2016
gilmer,georgia,31148.0,2016
glascock,georgia,29809.0,2016
glynn,georgia,41105.0,2016
gordon,georgia,32234.0,2016
grady,georgia,30230.0,2016
greene,georgia,48216.0,2016
gwinnett,georgia,38638.0,2016
habersham,georgia,30330.0,2016
hall,georgia,39065.0,2016
hancock,georgia,26448.0,2016
haralson,georgia,32295.0,2016
harris,georgia,43730.0,2016
hart,georgia,33650.0,2016
heard,georgia,28406.0,2016
henry,georgia,35985.0,2016
houston,georgia,40656.0,2016
irwin,georgia,28025.0,2016
jackson,georgia,37092.0,2016
jasper,georgia,34535.0,2016
jeff davis,georgia,28602.0,2016
jefferson,georgia,32820.0,2016
jenkins,georgia,27342.0,2016
johnson,georgia,24364.0,2016
jones,georgia,35176.0,2016
lamar,georgia,30651.0,2016
lanier,georgia,24964.0,2016
laurens,georgia,34611.0,2016
lee,georgia,43364.0,2016
liberty,georgia,34404.0,2016
lincoln,georgia,34167.0,2016
long,georgia,22599.0,2016
lowndes,georgia,34088.0,2016
lumpkin,georgia,32972.0,2016
mcduffie,georgia,33592.0,2016
mcintosh,georgia,27398.0,2016
macon,georgia,29136.0,2016
madison,georgia,32867.0,2016
marion,georgia,25673.0,2016
meriwether,georgia,32091.0,2016
miller,georgia,36610.0,2016
mitchell,georgia,34351.0,2016
monroe,georgia,41516.0,2016
montgomery,georgia,28150.0,2016
morgan,georgia,43769.0,2016
murray,georgia,27904.0,2016
muscogee,georgia,40620.0,2016
newton,georgia,31347.0,2016
oconee,georgia,58811.0,2016
oglethorpe,georgia,33400.0,2016
paulding,georgia,34167.0,2016
peach,georgia,36079.0,2016
pickens,georgia,41987.0,2016
pierce,georgia,32943.0,2016
pike,georgia,35496.0,2016
polk,georgia,30002.0,2016
pulaski,georgia,27326.0,2016
putnam,georgia,33840.0,2016
quitman,georgia,27531.0,2016
rabun,georgia,37215.0,2016
randolph,georgia,30007.0,2016
richmond,georgia,35526.0,2016
rockdale,georgia,33329.0,2016
schley,georgia,27381.0,2016
screven,georgia,28408.0,2016
seminole,georgia,37878.0,2016
spalding,georgia,32512.0,2016
stephens,georgia,34356.0,2016
stewart,georgia,23277.0,2016
sumter,georgia,30905.0,2016
talbot,georgia,32962.0,2016
taliaferro,georgia,26161.0,2016
tattnall,georgia,29215.0,2016
taylor,georgia,31068.0,2016
telfair,georgia,20541.0,2016
terrell,georgia,37020.0,2016
thomas,georgia,40486.0,2016
tift,georgia,35309.0,2016
toombs,georgia,33343.0,2016
towns,georgia,32214.0,2016
treutlen,georgia,27416.0,2016
troup,georgia,34734.0,2016
turner,georgia,32869.0,2016
twiggs,georgia,35665.0,2016
union,georgia,35642.0,2016
upson,georgia,32766.0,2016
walker,georgia,30715.0,2016
walton,georgia,36044.0,2016
ware,georgia,31418.0,2016
warren,georgia,32477.0,2016
washington,georgia,30424.0,2016
wayne,georgia,31272.0,2016
webster,georgia,27686.0,2016
wheeler,georgia,16267.0,2016
white,georgia,31355.0,2016
whitfield,georgia,36068.0,2016
wilcox,georgia,26827.0,2016
wilkes,georgia,29758.0,2016
wilkinson,georgia,32319.0,2016
worth,georgia,31758.0,2016
hawaii,hawaii,38392.0,2016
honolulu,hawaii,54229.0,2016
kauai,hawaii,43585.0,2016
maui,hawaii,44478.0,2016
ada,idaho,47046.0,2016
adams,idaho,37301.0,2016
bannock,idaho,34709.0,2016
bear lake,idaho,36620.0,2016
benewah,idaho,33035.0,2016
bingham,idaho,34065.0,2016
blaine,idaho,92495.0,2016
boise,idaho,38027.0,2016
bonner,idaho,36553.0,2016
bonneville,idaho,42728.0,2016
boundary,idaho,30653.0,2016
butte,idaho,35479.0,2016
camas,idaho,37328.0,2016
canyon,idaho,29305.0,2016
caribou,idaho,38319.0,2016
cassia,idaho,42718.0,2016
clark,idaho,26099.0,2016
clearwater,idaho,34370.0,2016
custer,idaho,40683.0,2016
elmore,idaho,35734.0,2016
franklin,idaho,32713.0,2016
fremont,idaho,34370.0,2016
gem,idaho,33690.0,2016
gooding,idaho,53068.0,2016
idaho,idaho,32263.0,2016
jefferson,idaho,31276.0,2016
jerome,idaho,36275.0,2016
kootenai,idaho,39820.0,2016
latah,idaho,37996.0,2016
lemhi,idaho,37885.0,2016
lewis,idaho,46986.0,2016
lincoln,idaho,34543.0,2016
madison,idaho,24054.0,2016
minidoka,idaho,37542.0,2016
nez perce,idaho,40723.0,2016
oneida,idaho,32085.0,2016
owyhee,idaho,32118.0,2016
payette,idaho,36818.0,2016
power,idaho,36360.0,2016
shoshone,idaho,35065.0,2016
teton,idaho,32088.0,2016
twin falls,idaho,35934.0,2016
valley,idaho,46130.0,2016
washington,idaho,35386.0,2016
adams,illinois,42220.0,2016
alexander,illinois,31951.0,2016
bond,illinois,33276.0,2016
boone,illinois,42128.0,2016
brown,illinois,28195.0,2016
bureau,illinois,39139.0,2016
calhoun,illinois,36878.0,2016
carroll,illinois,41616.0,2016
cass,illinois,38229.0,2016
champaign,illinois,42829.0,2016
christian,illinois,37872.0,2016
clark,illinois,38053.0,2016
clay,illinois,35471.0,2016
clinton,illinois,42028.0,2016
coles,illinois,36374.0,2016
cook,illinois,56669.0,2016
crawford,illinois,42754.0,2016
cumberland,illinois,38856.0,2016
dekalb,illinois,36762.0,2016
de witt,illinois,43632.0,2016
douglas,illinois,44749.0,2016
dupage,illinois,66072.0,2016
edgar,illinois,40746.0,2016
edwards,illinois,34932.0,2016
effingham,illinois,44312.0,2016
fayette,illinois,30531.0,2016
ford,illinois,49344.0,2016
franklin,illinois,33791.0,2016
fulton,illinois,34286.0,2016
gallatin,illinois,42903.0,2016
greene,illinois,35426.0,2016
grundy,illinois,48004.0,2016
hamilton,illinois,42543.0,2016
hancock,illinois,41033.0,2016
hardin,illinois,34290.0,2016
henderson,illinois,39603.0,2016
henry,illinois,42819.0,2016
iroquois,illinois,41809.0,2016
jackson,illinois,34125.0,2016
jasper,illinois,39193.0,2016
jefferson,illinois,36765.0,2016
jersey,illinois,37822.0,2016
jo daviess,illinois,45829.0,2016
johnson,illinois,26033.0,2016
kane,illinois,46202.0,2016
kankakee,illinois,38171.0,2016
kendall,illinois,44552.0,2016
knox,illinois,38438.0,2016
lake,illinois,72956.0,2016
lasalle,illinois,40616.0,2016
lawrence,illinois,34116.0,2016
lee,illinois,38575.0,2016
livingston,illinois,40451.0,2016
logan,illinois,35353.0,2016
mcdonough,illinois,34587.0,2016
mchenry,illinois,50252.0,2016
mclean,illinois,45718.0,2016
macon,illinois,44507.0,2016
macoupin,illinois,37155.0,2016
madison,illinois,42540.0,2016
marion,illinois,38981.0,2016
marshall,illinois,41748.0,2016
mason,illinois,37870.0,2016
massac,illinois,35133.0,2016
menard,illinois,41609.0,2016
mercer,illinois,41119.0,2016
monroe,illinois,52318.0,2016
montgomery,illinois,34447.0,2016
morgan,illinois,37639.0,2016
moultrie,illinois,51145.0,2016
ogle,illinois,41616.0,2016
peoria,illinois,47673.0,2016
perry,illinois,35837.0,2016
piatt,illinois,45991.0,2016
pike,illinois,37720.0,2016
pope,illinois,30338.0,2016
pulaski,illinois,35537.0,2016
putnam,illinois,47409.0,2016
randolph,illinois,34144.0,2016
richland,illinois,37526.0,2016
rock island,illinois,41677.0,2016
st. clair,illinois,41521.0,2016
saline,illinois,37279.0,2016
sangamon,illinois,44523.0,2016
schuyler,illinois,41062.0,2016
scott,illinois,36529.0,2016
shelby,illinois,36781.0,2016
stark,illinois,37038.0,2016
stephenson,illinois,39443.0,2016
tazewell,illinois,43991.0,2016
union,illinois,36339.0,2016
vermilion,illinois,36760.0,2016
wabash,illinois,42076.0,2016
warren,illinois,36876.0,2016
washington,illinois,48641.0,2016
wayne,illinois,37824.0,2016
white,illinois,44298.0,2016
whiteside,illinois,40025.0,2016
will,illinois,48000.0,2016
williamson,illinois,40850.0,2016
winnebago,illinois,39904.0,2016
woodford,illinois,48114.0,2016
adams,indiana,35288.0,2016
allen,indiana,42633.0,2016
bartholomew,indiana,47386.0,2016
benton,indiana,38781.0,2016
blackford,indiana,36394.0,2016
boone,indiana,65716.0,2016
brown,indiana,42554.0,2016
carroll,indiana,40266.0,2016
cass,indiana,36690.0,2016
clark,indiana,41026.0,2016
clay,indiana,35532.0,2016
clinton,indiana,36302.0,2016
crawford,indiana,32906.0,2016
daviess,indiana,39041.0,2016
dearborn,indiana,43322.0,2016
decatur,indiana,39262.0,2016
dekalb,indiana,39682.0,2016
delaware,indiana,34452.0,2016
dubois,indiana,50032.0,2016
elkhart,indiana,41712.0,2016
fayette,indiana,36525.0,2016
floyd,indiana,50648.0,2016
fountain,indiana,37496.0,2016
franklin,indiana,43219.0,2016
fulton,indiana,39430.0,2016
gibson,indiana,40402.0,2016
grant,indiana,38134.0,2016
greene,indiana,36560.0,2016
hamilton,indiana,67191.0,2016
hancock,indiana,46188.0,2016
harrison,indiana,38522.0,2016
hendricks,indiana,45513.0,2016
henry,indiana,35073.0,2016
howard,indiana,38610.0,2016
huntington,indiana,38155.0,2016
jackson,indiana,40241.0,2016
jasper,indiana,41197.0,2016
jay,indiana,38642.0,2016
jefferson,indiana,39220.0,2016
jennings,indiana,35567.0,2016
johnson,indiana,44386.0,2016
knox,indiana,42513.0,2016
kosciusko,indiana,42278.0,2016
lagrange,indiana,33960.0,2016
lake,indiana,40628.0,2016
laporte,indiana,38216.0,2016
lawrence,indiana,36969.0,2016
madison,indiana,35953.0,2016
marion,indiana,48253.0,2016
marshall,indiana,38407.0,2016
martin,indiana,39111.0,2016
miami,indiana,32343.0,2016
monroe,indiana,37076.0,2016
montgomery,indiana,39783.0,2016
morgan,indiana,40417.0,2016
newton,indiana,37099.0,2016
noble,indiana,35856.0,2016
ohio,indiana,37059.0,2016
orange,indiana,35563.0,2016
owen,indiana,35878.0,2016
parke,indiana,33721.0,2016
perry,indiana,35788.0,2016
pike,indiana,36589.0,2016
porter,indiana,46965.0,2016
posey,indiana,44931.0,2016
pulaski,indiana,41309.0,2016
putnam,indiana,34742.0,2016
randolph,indiana,38378.0,2016
ripley,indiana,40863.0,2016
rush,indiana,41879.0,2016
st. joseph,indiana,44568.0,2016
scott,indiana,34889.0,2016
shelby,indiana,40348.0,2016
spencer,indiana,42013.0,2016
starke,indiana,31967.0,2016
steuben,indiana,38033.0,2016
sullivan,indiana,32892.0,2016
switzerland,indiana,29081.0,2016
tippecanoe,indiana,35804.0,2016
tipton,indiana,41777.0,2016
union,indiana,35175.0,2016
vanderburgh,indiana,42024.0,2016
vermillion,indiana,36743.0,2016
vigo,indiana,35457.0,2016
wabash,indiana,40737.0,2016
warren,indiana,41856.0,2016
warrick,indiana,49836.0,2016
washington,indiana,35051.0,2016
wayne,indiana,37624.0,2016
wells,indiana,39264.0,2016
white,indiana,40640.0,2016
whitley,indiana,40731.0,2016
adair,iowa,44765.0,2016
adams,iowa,60450.0,2016
allamakee,iowa,41262.0,2016
appanoose,iowa,36236.0,2016
audubon,iowa,49397.0,2016
benton,iowa,48239.0,2016
black hawk,iowa,40837.0,2016
boone,iowa,44926.0,2016
bremer,iowa,44514.0,2016
buchanan,iowa,43607.0,2016
buena vista,iowa,43740.0,2016
butler,iowa,44540.0,2016
calhoun,iowa,45833.0,2016
carroll,iowa,48514.0,2016
cass,iowa,44134.0,2016
cedar,iowa,46851.0,2016
cerro gordo,iowa,53035.0,2016
cherokee,iowa,56784.0,2016
chickasaw,iowa,50537.0,2016
clarke,iowa,36869.0,2016
clay,iowa,45719.0,2016
clayton,iowa,47348.0,2016
clinton,iowa,41427.0,2016
crawford,iowa,39296.0,2016
dallas,iowa,61159.0,2016
davis,iowa,33812.0,2016
decatur,iowa,33196.0,2016
delaware,iowa,43681.0,2016
des moines,iowa,48092.0,2016
dickinson,iowa,53622.0,2016
dubuque,iowa,45068.0,2016
emmet,iowa,40194.0,2016
fayette,iowa,39709.0,2016
floyd,iowa,41741.0,2016
franklin,iowa,47179.0,2016
fremont,iowa,46672.0,2016
greene,iowa,47085.0,2016
grundy,iowa,49241.0,2016
guthrie,iowa,49429.0,2016
hamilton,iowa,46489.0,2016
hancock,iowa,48142.0,2016
hardin,iowa,46036.0,2016
harrison,iowa,43675.0,2016
henry,iowa,38163.0,2016
howard,iowa,42915.0,2016
humboldt,iowa,46876.0,2016
ida,iowa,48293.0,2016
iowa,iowa,50821.0,2016
jackson,iowa,41966.0,2016
jasper,iowa,39426.0,2016
jefferson,iowa,39956.0,2016
johnson,iowa,47456.0,2016
jones,iowa,41144.0,2016
keokuk,iowa,42917.0,2016
kossuth,iowa,49180.0,2016
lee,iowa,39714.0,2016
linn,iowa,49002.0,2016
louisa,iowa,37500.0,2016
lucas,iowa,40378.0,2016
lyon,iowa,55312.0,2016
madison,iowa,44354.0,2016
mahaska,iowa,38917.0,2016
marion,iowa,43485.0,2016
marshall,iowa,41614.0,2016
mills,iowa,50325.0,2016
mitchell,iowa,47400.0,2016
monona,iowa,46419.0,2016
monroe,iowa,38114.0,2016
montgomery,iowa,40126.0,2016
muscatine,iowa,43426.0,2016
o'brien,iowa,56118.0,2016
osceola,iowa,54180.0,2016
page,iowa,40835.0,2016
palo alto,iowa,50089.0,2016
plymouth,iowa,55179.0,2016
pocahontas,iowa,50549.0,2016
polk,iowa,49577.0,2016
pottawattamie,iowa,42098.0,2016
poweshiek,iowa,43876.0,2016
ringgold,iowa,42217.0,2016
sac,iowa,47368.0,2016
scott,iowa,49023.0,2016
shelby,iowa,50667.0,2016
sioux,iowa,46732.0,2016
story,iowa,38469.0,2016
tama,iowa,44097.0,2016
taylor,iowa,40341.0,2016
union,iowa,37710.0,2016
van buren,iowa,38627.0,2016
wapello,iowa,37281.0,2016
warren,iowa,45632.0,2016
washington,iowa,48347.0,2016
wayne,iowa,39013.0,2016
webster,iowa,43226.0,2016
winnebago,iowa,37939.0,2016
winneshiek,iowa,44138.0,2016
woodbury,iowa,41758.0,2016
worth,iowa,44998.0,2016
wright,iowa,46356.0,2016
allen,kansas,37691.0,2016
anderson,kansas,41464.0,2016
atchison,kansas,35639.0,2016
barber,kansas,39920.0,2016
barton,kansas,48338.0,2016
bourbon,kansas,39174.0,2016
brown,kansas,43384.0,2016
butler,kansas,42413.0,2016
chase,kansas,43525.0,2016
chautauqua,kansas,41781.0,2016
cherokee,kansas,35421.0,2016
cheyenne,kansas,41583.0,2016
clark,kansas,53215.0,2016
clay,kansas,48449.0,2016
cloud,kansas,36640.0,2016
coffey,kansas,49565.0,2016
comanche,kansas,37577.0,2016
cowley,kansas,36240.0,2016
crawford,kansas,34508.0,2016
decatur,kansas,45972.0,2016
dickinson,kansas,45185.0,2016
doniphan,kansas,36355.0,2016
douglas,kansas,39440.0,2016
edwards,kansas,52591.0,2016
elk,kansas,45349.0,2016
ellis,kansas,43786.0,2016
ellsworth,kansas,36268.0,2016
finney,kansas,40821.0,2016
ford,kansas,36111.0,2016
franklin,kansas,38371.0,2016
geary,kansas,43025.0,2016
gove,kansas,53954.0,2016
graham,kansas,44186.0,2016
grant,kansas,47891.0,2016
gray,kansas,72762.0,2016
greeley,kansas,46969.0,2016
greenwood,kansas,40956.0,2016
hamilton,kansas,55099.0,2016
harper,kansas,45048.0,2016
harvey,kansas,38364.0,2016
haskell,kansas,63496.0,2016
hodgeman,kansas,45443.0,2016
jackson,kansas,39464.0,2016
jefferson,kansas,41432.0,2016
jewell,kansas,46983.0,2016
johnson,kansas,66063.0,2016
kearny,kansas,52306.0,2016
kingman,kansas,41795.0,2016
kiowa,kansas,39064.0,2016
labette,kansas,41233.0,2016
lane,kansas,76238.0,2016
leavenworth,kansas,40194.0,2016
lincoln,kansas,39976.0,2016
linn,kansas,33534.0,2016
logan,kansas,45629.0,2016
lyon,kansas,34653.0,2016
mcpherson,kansas,48563.0,2016
marion,kansas,39959.0,2016
marshall,kansas,46819.0,2016
meade,kansas,61880.0,2016
miami,kansas,44202.0,2016
mitchell,kansas,53007.0,2016
montgomery,kansas,36770.0,2016
morris,kansas,45171.0,2016
morton,kansas,42802.0,2016
nemaha,kansas,52882.0,2016
neosho,kansas,32715.0,2016
ness,kansas,50894.0,2016
norton,kansas,40460.0,2016
osage,kansas,39372.0,2016
osborne,kansas,41519.0,2016
ottawa,kansas,39886.0,2016
pawnee,kansas,40001.0,2016
phillips,kansas,45511.0,2016
pottawatomie,kansas,48860.0,2016
pratt,kansas,45604.0,2016
rawlins,kansas,45614.0,2016
reno,kansas,38345.0,2016
republic,kansas,49012.0,2016
rice,kansas,40675.0,2016
riley,kansas,39592.0,2016
rooks,kansas,39524.0,2016
rush,kansas,42088.0,2016
russell,kansas,41142.0,2016
saline,kansas,44732.0,2016
scott,kansas,62849.0,2016
sedgwick,kansas,49213.0,2016
seward,kansas,33310.0,2016
shawnee,kansas,44504.0,2016
sheridan,kansas,52887.0,2016
sherman,kansas,36876.0,2016
smith,kansas,44166.0,2016
stafford,kansas,49489.0,2016
stanton,kansas,55331.0,2016
stevens,kansas,38816.0,2016
sumner,kansas,37084.0,2016
thomas,kansas,40139.0,2016
trego,kansas,41476.0,2016
wabaunsee,kansas,48849.0,2016
wallace,kansas,46635.0,2016
washington,kansas,44950.0,2016
wichita,kansas,75038.0,2016
wilson,kansas,41063.0,2016
woodson,kansas,34049.0,2016
wyandotte,kansas,30508.0,2016
adair,kentucky,25994.0,2016
allen,kentucky,29902.0,2016
anderson,kentucky,36774.0,2016
ballard,kentucky,35378.0,2016
barren,kentucky,34987.0,2016
bath,kentucky,28154.0,2016
bell,kentucky,28923.0,2016
boone,kentucky,43507.0,2016
bourbon,kentucky,38049.0,2016
boyd,kentucky,36096.0,2016
boyle,kentucky,34967.0,2016
bracken,kentucky,33301.0,2016
breathitt,kentucky,29488.0,2016
breckinridge,kentucky,32269.0,2016
bullitt,kentucky,37848.0,2016
butler,kentucky,31967.0,2016
caldwell,kentucky,34629.0,2016
calloway,kentucky,33745.0,2016
campbell,kentucky,44008.0,2016
carlisle,kentucky,39708.0,2016
carroll,kentucky,38716.0,2016
carter,kentucky,29984.0,2016
casey,kentucky,27783.0,2016
christian,kentucky,36146.0,2016
clark,kentucky,37240.0,2016
clay,kentucky,26832.0,2016
clinton,kentucky,27750.0,2016
crittenden,kentucky,35116.0,2016
cumberland,kentucky,31197.0,2016
daviess,kentucky,39641.0,2016
edmonson,kentucky,29784.0,2016
elliott,kentucky,21737.0,2016
estill,kentucky,30264.0,2016
fayette,kentucky,45025.0,2016
fleming,kentucky,29076.0,2016
floyd,kentucky,32994.0,2016
franklin,kentucky,39631.0,2016
fulton,kentucky,31501.0,2016
gallatin,kentucky,29515.0,2016
garrard,kentucky,29897.0,2016
grant,kentucky,32808.0,2016
graves,kentucky,34476.0,2016
grayson,kentucky,31540.0,2016
green,kentucky,33115.0,2016
greenup,kentucky,37193.0,2016
hancock,kentucky,34727.0,2016
hardin,kentucky,40262.0,2016
harlan,kentucky,27773.0,2016
harrison,kentucky,33979.0,2016
hart,kentucky,32262.0,2016
henderson,kentucky,36794.0,2016
henry,kentucky,35438.0,2016
hickman,kentucky,36747.0,2016
hopkins,kentucky,36460.0,2016
jackson,kentucky,25395.0,2016
jefferson,kentucky,47361.0,2016
jessamine,kentucky,39551.0,2016
johnson,kentucky,31741.0,2016
kenton,kentucky,51115.0,2016
knott,kentucky,28035.0,2016
knox,kentucky,26734.0,2016
larue,kentucky,33595.0,2016
laurel,kentucky,32730.0,2016
lawrence,kentucky,28723.0,2016
lee,kentucky,29449.0,2016
leslie,kentucky,29820.0,2016
letcher,kentucky,29724.0,2016
lewis,kentucky,28410.0,2016
lincoln,kentucky,29104.0,2016
livingston,kentucky,34443.0,2016
logan,kentucky,35003.0,2016
lyon,kentucky,31560.0,2016
mccracken,kentucky,45927.0,2016
mccreary,kentucky,23320.0,2016
mclean,kentucky,36565.0,2016
madison,kentucky,33139.0,2016
magoffin,kentucky,24379.0,2016
marion,kentucky,34471.0,2016
marshall,kentucky,38069.0,2016
martin,kentucky,27618.0,2016
mason,kentucky,37287.0,2016
meade,kentucky,36732.0,2016
menifee,kentucky,28753.0,2016
mercer,kentucky,34576.0,2016
metcalfe,kentucky,28884.0,2016
monroe,kentucky,31833.0,2016
montgomery,kentucky,32866.0,2016
morgan,kentucky,24466.0,2016
muhlenberg,kentucky,30656.0,2016
nelson,kentucky,38381.0,2016
nicholas,kentucky,31326.0,2016
ohio,kentucky,31588.0,2016
oldham,kentucky,56222.0,2016
owen,kentucky,34892.0,2016
owsley,kentucky,27802.0,2016
pendleton,kentucky,34406.0,2016
perry,kentucky,34532.0,2016
pike,kentucky,33078.0,2016
powell,kentucky,30451.0,2016
pulaski,kentucky,35884.0,2016
robertson,kentucky,29580.0,2016
rockcastle,kentucky,28868.0,2016
rowan,kentucky,28775.0,2016
russell,kentucky,30672.0,2016
scott,kentucky,38845.0,2016
shelby,kentucky,41091.0,2016
simpson,kentucky,34342.0,2016
spencer,kentucky,40991.0,2016
taylor,kentucky,33504.0,2016
todd,kentucky,35454.0,2016
trigg,kentucky,34632.0,2016
trimble,kentucky,33667.0,2016
union,kentucky,34043.0,2016
warren,kentucky,36505.0,2016
washington,kentucky,36377.0,2016
wayne,kentucky,27483.0,2016
webster,kentucky,36328.0,2016
whitley,kentucky,32821.0,2016
wolfe,kentucky,26404.0,2016
woodford,kentucky,43450.0,2016
acadia parish,louisiana,33793.0,2016
allen parish,louisiana,30411.0,2016
ascension parish,louisiana,46141.0,2016
assumption parish,louisiana,37880.0,2016
avoyelles parish,louisiana,33508.0,2016
beauregard parish,louisiana,39950.0,2016
bienville parish,louisiana,32966.0,2016
bossier parish,louisiana,42360.0,2016
caddo parish,louisiana,47987.0,2016
calcasieu parish,louisiana,44743.0,2016
caldwell parish,louisiana,35155.0,2016
cameron parish,louisiana,44621.0,2016
catahoula parish,louisiana,29888.0,2016
claiborne parish,louisiana,34646.0,2016
concordia parish,louisiana,31200.0,2016
de soto parish,louisiana,37772.0,2016
east baton rouge parish,louisiana,45248.0,2016
east carroll parish,louisiana,32783.0,2016
east feliciana parish,louisiana,37313.0,2016
evangeline parish,louisiana,35027.0,2016
franklin parish,louisiana,31253.0,2016
grant parish,louisiana,31045.0,2016
iberia parish,louisiana,34648.0,2016
iberville parish,louisiana,36706.0,2016
jackson parish,louisiana,33586.0,2016
jefferson parish,louisiana,47591.0,2016
jefferson davis parish,louisiana,39358.0,2016
lafayette parish,louisiana,44347.0,2016
lafourche parish,louisiana,43752.0,2016
la salle parish,louisiana,33593.0,2016
lincoln parish,louisiana,36585.0,2016
livingston parish,louisiana,38031.0,2016
madison parish,louisiana,29396.0,2016
morehouse parish,louisiana,36114.0,2016
natchitoches parish,louisiana,35543.0,2016
orleans parish,louisiana,47013.0,2016
ouachita parish,louisiana,38217.0,2016
plaquemines parish,louisiana,46657.0,2016
pointe coupee parish,louisiana,41183.0,2016
rapides parish,louisiana,43089.0,2016
red river parish,louisiana,34700.0,2016
richland parish,louisiana,36082.0,2016
sabine parish,louisiana,32313.0,2016
st. bernard parish,louisiana,30179.0,2016
st. charles parish,louisiana,45883.0,2016
st. helena parish,louisiana,38564.0,2016
st. james parish,louisiana,43494.0,2016
st. john the baptist parish,louisiana,38115.0,2016
st. landry parish,louisiana,36781.0,2016
st. martin parish,louisiana,35335.0,2016
st. mary parish,louisiana,36748.0,2016
st. tammany parish,louisiana,52109.0,2016
tangipahoa parish,louisiana,35833.0,2016
tensas parish,louisiana,34933.0,2016
terrebonne parish,louisiana,40834.0,2016
union parish,louisiana,35802.0,2016
vermilion parish,louisiana,36235.0,2016
vernon parish,louisiana,38929.0,2016
washington parish,louisiana,31578.0,2016
webster parish,louisiana,36678.0,2016
west baton rouge parish,louisiana,44125.0,2016
west carroll parish,louisiana,29650.0,2016
west feliciana parish,louisiana,33275.0,2016
winn parish,louisiana,33606.0,2016
androscoggin,maine,38091.0,2016
aroostook,maine,37643.0,2016
cumberland,maine,54309.0,2016
franklin,maine,34937.0,2016
hancock,maine,46959.0,2016
kennebec,maine,42194.0,2016
knox,maine,46275.0,2016
lincoln,maine,46231.0,2016
oxford,maine,35633.0,2016
penobscot,maine,37876.0,2016
piscataquis,maine,35426.0,2016
sagadahoc,maine,46406.0,2016
somerset,maine,36830.0,2016
waldo,maine,37334.0,2016
washington,maine,38895.0,2016
york,maine,46687.0,2016
allegany,maryland,38372.0,2016
anne arundel,maryland,62404.0,2016
baltimore,maryland,56273.0,2016
calvert,maryland,57688.0,2016
caroline,maryland,43187.0,2016
carroll,maryland,57687.0,2016
cecil,maryland,44165.0,2016
charles,maryland,53593.0,2016
dorchester,maryland,42404.0,2016
frederick,maryland,56072.0,2016
garrett,maryland,41539.0,2016
harford,maryland,54232.0,2016
howard,maryland,71869.0,2016
kent,maryland,54641.0,2016
montgomery,maryland,80967.0,2016
prince george's,maryland,46168.0,2016
queen anne's,maryland,57948.0,2016
st. mary's,maryland,53166.0,2016
somerset,maryland,29551.0,2016
talbot,maryland,66971.0,2016
washington,maryland,43470.0,2016
wicomico,maryland,39722.0,2016
worcester,maryland,56747.0,2016
baltimore city,maryland,47040.0,2016
barnstable,massachusetts,65770.0,2016
berkshire,massachusetts,52288.0,2016
bristol,massachusetts,49019.0,2016
dukes,massachusetts,81932.0,2016
essex,massachusetts,61442.0,2016
franklin,massachusetts,50037.0,2016
hampden,massachusetts,47370.0,2016
hampshire,massachusetts,47440.0,2016
middlesex,massachusetts,75869.0,2016
nantucket,massachusetts,108443.0,2016
norfolk,massachusetts,81948.0,2016
plymouth,massachusetts,60691.0,2016
suffolk,massachusetts,68598.0,2016
worcester,massachusetts,52320.0,2016
alcona,michigan,35639.0,2016
alger,michigan,30483.0,2016
allegan,michigan,40389.0,2016
alpena,michigan,38043.0,2016
antrim,michigan,40985.0,2016
arenac,michigan,35647.0,2016
baraga,michigan,31150.0,2016
barry,michigan,40469.0,2016
bay,michigan,39404.0,2016
benzie,michigan,38599.0,2016
berrien,michigan,44007.0,2016
branch,michigan,33259.0,2016
calhoun,michigan,38086.0,2016
cass,michigan,40294.0,2016
charlevoix,michigan,48503.0,2016
cheboygan,michigan,35600.0,2016
chippewa,michigan,32858.0,2016
clare,michigan,32204.0,2016
clinton,michigan,42177.0,2016
crawford,michigan,31120.0,2016
delta,michigan,37306.0,2016
dickinson,michigan,43948.0,2016
eaton,michigan,39777.0,2016
emmet,michigan,50256.0,2016
genesee,michigan,37675.0,2016
gladwin,michigan,33807.0,2016
gogebic,michigan,36887.0,2016
grand traverse,michigan,44834.0,2016
gratiot,michigan,34641.0,2016
hillsdale,michigan,33927.0,2016
houghton,michigan,33957.0,2016
huron,michigan,43865.0,2016
ingham,michigan,37952.0,2016
ionia,michigan,31467.0,2016
iosco,michigan,34645.0,2016
iron,michigan,40312.0,2016
isabella,michigan,32728.0,2016
jackson,michigan,38331.0,2016
kalamazoo,michigan,44729.0,2016
kalkaska,michigan,32456.0,2016
kent,michigan,49599.0,2016
keweenaw,michigan,40622.0,2016
lake,michigan,30452.0,2016
lapeer,michigan,39449.0,2016
leelanau,michigan,59943.0,2016
lenawee,michigan,36918.0,2016
livingston,michigan,51722.0,2016
luce,michigan,29579.0,2016
mackinac,michigan,40589.0,2016
macomb,michigan,43328.0,2016
manistee,michigan,37326.0,2016
marquette,michigan,38387.0,2016
mason,michigan,38074.0,2016
mecosta,michigan,30441.0,2016
menominee,michigan,38931.0,2016
midland,michigan,41310.0,2016
missaukee,michigan,31896.0,2016
monroe,michigan,43263.0,2016
montcalm,michigan,31981.0,2016
montmorency,michigan,35274.0,2016
muskegon,michigan,35641.0,2016
newaygo,michigan,34466.0,2016
oakland,michigan,65759.0,2016
oceana,michigan,34771.0,2016
ogemaw,michigan,31566.0,2016
ontonagon,michigan,35033.0,2016
osceola,michigan,32901.0,2016
oscoda,michigan,33076.0,2016
otsego,michigan,35792.0,2016
ottawa,michigan,44035.0,2016
presque isle,michigan,35637.0,2016
roscommon,michigan,34542.0,2016
saginaw,michigan,36630.0,2016
st. clair,michigan,40437.0,2016
st. joseph,michigan,35452.0,2016
sanilac,michigan,35711.0,2016
schoolcraft,michigan,36652.0,2016
shiawassee,michigan,36663.0,2016
tuscola,michigan,35075.0,2016
van buren,michigan,38752.0,2016
washtenaw,michigan,52814.0,2016
wayne,michigan,40110.0,2016
wexford,michigan,33435.0,2016
aitkin,minnesota,37251.0,2016
anoka,minnesota,46901.0,2016
becker,minnesota,43415.0,2016
beltrami,minnesota,37236.0,2016
benton,minnesota,39437.0,2016
big stone,minnesota,50210.0,2016
blue earth,minnesota,41663.0,2016
brown,minnesota,48584.0,2016
carlton,minnesota,38403.0,2016
carver,minnesota,64473.0,2016
cass,minnesota,42977.0,2016
chippewa,minnesota,46626.0,2016
chisago,minnesota,43934.0,2016
clay,minnesota,41173.0,2016
clearwater,minnesota,39213.0,2016
cook,minnesota,46609.0,2016
cottonwood,minnesota,43205.0,2016
crow wing,minnesota,41887.0,2016
dakota,minnesota,54975.0,2016
dodge,minnesota,42775.0,2016
douglas,minnesota,48315.0,2016
faribault,minnesota,38421.0,2016
fillmore,minnesota,42246.0,2016
freeborn,minnesota,40045.0,2016
goodhue,minnesota,48888.0,2016
grant,minnesota,47079.0,2016
hennepin,minnesota,67427.0,2016
houston,minnesota,47315.0,2016
hubbard,minnesota,38935.0,2016
isanti,minnesota,39909.0,2016
itasca,minnesota,38125.0,2016
jackson,minnesota,49859.0,2016
kanabec,minnesota,39122.0,2016
kandiyohi,minnesota,51006.0,2016
kittson,minnesota,57735.0,2016
koochiching,minnesota,37209.0,2016
lac qui parle,minnesota,54426.0,2016
lake,minnesota,43168.0,2016
lake of the woods,minnesota,44756.0,2016
le sueur,minnesota,44382.0,2016
lincoln,minnesota,46011.0,2016
lyon,minnesota,44580.0,2016
mcleod,minnesota,43559.0,2016
mahnomen,minnesota,35129.0,2016
marshall,minnesota,48686.0,2016
martin,minnesota,47255.0,2016
meeker,minnesota,41449.0,2016
mille lacs,minnesota,38091.0,2016
morrison,minnesota,38149.0,2016
mower,minnesota,44274.0,2016
murray,minnesota,53013.0,2016
nicollet,minnesota,45777.0,2016
nobles,minnesota,42329.0,2016
norman,minnesota,43065.0,2016
olmsted,minnesota,52571.0,2016
otter tail,minnesota,43545.0,2016
pennington,minnesota,48997.0,2016
pine,minnesota,34379.0,2016
pipestone,minnesota,50828.0,2016
polk,minnesota,45345.0,2016
pope,minnesota,46981.0,2016
ramsey,minnesota,49785.0,2016
red lake,minnesota,44633.0,2016
redwood,minnesota,51227.0,2016
renville,minnesota,50529.0,2016
rice,minnesota,40167.0,2016
rock,minnesota,46901.0,2016
roseau,minnesota,44447.0,2016
st. louis,minnesota,43126.0,2016
scott,minnesota,53325.0,2016
sherburne,minnesota,43067.0,2016
sibley,minnesota,43192.0,2016
stearns,minnesota,42572.0,2016
steele,minnesota,43470.0,2016
stevens,minnesota,48530.0,2016
swift,minnesota,48008.0,2016
todd,minnesota,36270.0,2016
traverse,minnesota,53319.0,2016
wabasha,minnesota,44534.0,2016
wadena,minnesota,36429.0,2016
waseca,minnesota,43306.0,2016
washington,minnesota,59749.0,2016
watonwan,minnesota,40331.0,2016
wilkin,minnesota,53057.0,2016
winona,minnesota,44354.0,2016
wright,minnesota,45245.0,2016
yellow medicine,minnesota,53519.0,2016
adams,mississippi,33732.0,2016
alcorn,mississippi,31240.0,2016
amite,mississippi,30347.0,2016
attala,mississippi,30347.0,2016
benton,mississippi,28215.0,2016
bolivar,mississippi,36261.0,2016
calhoun,mississippi,30782.0,2016
carroll,mississippi,33457.0,2016
chickasaw,mississippi,33252.0,2016
choctaw,mississippi,30430.0,2016
claiborne,mississippi,30058.0,2016
clarke,mississippi,36107.0,2016
clay,mississippi,34194.0,2016
coahoma,mississippi,32905.0,2016
copiah,mississippi,31914.0,2016
covington,mississippi,30788.0,2016
desoto,mississippi,37930.0,2016
forrest,mississippi,35451.0,2016
franklin,mississippi,31623.0,2016
george,mississippi,31425.0,2016
greene,mississippi,24418.0,2016
grenada,mississippi,37230.0,2016
hancock,mississippi,32487.0,2016
harrison,mississippi,35082.0,2016
hinds,mississippi,38801.0,2016
holmes,mississippi,28554.0,2016
humphreys,mississippi,31669.0,2016
issaquena,mississippi,22883.0,2016
itawamba,mississippi,31565.0,2016
jackson,mississippi,35358.0,2016
jasper,mississippi,33774.0,2016
jefferson,mississippi,31772.0,2016
jefferson davis,mississippi,30498.0,2016
jones,mississippi,36035.0,2016
kemper,mississippi,27871.0,2016
lafayette,mississippi,37825.0,2016
lamar,mississippi,36639.0,2016
lauderdale,mississippi,36180.0,2016
lawrence,mississippi,31403.0,2016
leake,mississippi,27118.0,2016
lee,mississippi,37821.0,2016
leflore,mississippi,33273.0,2016
lincoln,mississippi,36207.0,2016
lowndes,mississippi,37446.0,2016
madison,mississippi,57932.0,2016
marion,mississippi,30541.0,2016
marshall,mississippi,30861.0,2016
monroe,mississippi,33437.0,2016
montgomery,mississippi,34078.0,2016
neshoba,mississippi,34205.0,2016
newton,mississippi,31742.0,2016
noxubee,mississippi,31918.0,2016
oktibbeha,mississippi,31408.0,2016
panola,mississippi,30973.0,2016
pearl river,mississippi,33964.0,2016
perry,mississippi,28397.0,2016
pike,mississippi,30169.0,2016
pontotoc,mississippi,30762.0,2016
prentiss,mississippi,29515.0,2016
quitman,mississippi,28993.0,2016
rankin,mississippi,42934.0,2016
scott,mississippi,29439.0,2016
sharkey,mississippi,31404.0,2016
simpson,mississippi,34108.0,2016
smith,mississippi,31667.0,2016
stone,mississippi,30195.0,2016
sunflower,mississippi,29181.0,2016
tallahatchie,mississippi,28869.0,2016
tate,mississippi,33296.0,2016
tippah,mississippi,30914.0,2016
tishomingo,mississippi,29635.0,2016
tunica,mississippi,33387.0,2016
union,mississippi,31953.0,2016
walthall,mississippi,27510.0,2016
warren,mississippi,37738.0,2016
washington,mississippi,34431.0,2016
wayne,mississippi,32000.0,2016
webster,mississippi,33393.0,2016
wilkinson,mississippi,27520.0,2016
winston,mississippi,31985.0,2016
yalobusha,mississippi,30850.0,2016
yazoo,mississippi,28566.0,2016
adair,missouri,30177.0,2016
andrew,missouri,41016.0,2016
atchison,missouri,46866.0,2016
audrain,missouri,36314.0,2016
barry,missouri,32158.0,2016
barton,missouri,32926.0,2016
bates,missouri,32857.0,2016
benton,missouri,32964.0,2016
bollinger,missouri,30458.0,2016
boone,missouri,43292.0,2016
buchanan,missouri,36942.0,2016
butler,missouri,34428.0,2016
caldwell,missouri,33726.0,2016
callaway,missouri,35473.0,2016
camden,missouri,35483.0,2016
cape girardeau,missouri,41245.0,2016
carroll,missouri,47965.0,2016
carter,missouri,30908.0,2016
cass,missouri,42122.0,2016
cedar,missouri,30893.0,2016
chariton,missouri,42163.0,2016
christian,missouri,36284.0,2016
clark,missouri,33929.0,2016
clay,missouri,44446.0,2016
clinton,missouri,39234.0,2016
cole,missouri,43620.0,2016
cooper,missouri,34987.0,2016
crawford,missouri,34810.0,2016
dade,missouri,31117.0,2016
dallas,missouri,29949.0,2016
daviess,missouri,35301.0,2016
dekalb,missouri,25390.0,2016
dent,missouri,31556.0,2016
douglas,missouri,23973.0,2016
dunklin,missouri,32078.0,2016
franklin,missouri,40165.0,2016
gasconade,missouri,37301.0,2016
gentry,missouri,38172.0,2016
greene,missouri,40019.0,2016
grundy,missouri,33637.0,2016
harrison,missouri,35345.0,2016
henry,missouri,39462.0,2016
hickory,missouri,26748.0,2016
holt,missouri,47314.0,2016
howard,missouri,36623.0,2016
howell,missouri,31423.0,2016
iron,missouri,31847.0,2016
jackson,missouri,42621.0,2016
jasper,missouri,36598.0,2016
jefferson,missouri,38254.0,2016
johnson,missouri,33236.0,2016
knox,missouri,35941.0,2016
laclede,missouri,32640.0,2016
lafayette,missouri,38648.0,2016
lawrence,missouri,30906.0,2016
lewis,missouri,31787.0,2016
lincoln,missouri,36296.0,2016
linn,missouri,38421.0,2016
livingston,missouri,34621.0,2016
mcdonald,missouri,26285.0,2016
macon,missouri,37678.0,2016
madison,missouri,33325.0,2016
maries,missouri,33675.0,2016
marion,missouri,37236.0,2016
mercer,missouri,29994.0,2016
miller,missouri,30794.0,2016
mississippi,missouri,30949.0,2016
moniteau,missouri,32803.0,2016
monroe,missouri,38145.0,2016
montgomery,missouri,35027.0,2016
morgan,missouri,39397.0,2016
new madrid,missouri,31128.0,2016
newton,missouri,35544.0,2016
nodaway,missouri,30591.0,2016
oregon,missouri,26094.0,2016
osage,missouri,43561.0,2016
ozark,missouri,27239.0,2016
pemiscot,missouri,34047.0,2016
perry,missouri,36269.0,2016
pettis,missouri,35853.0,2016
phelps,missouri,34489.0,2016
pike,missouri,32931.0,2016
platte,missouri,53381.0,2016
polk,missouri,30526.0,2016
pulaski,missouri,38896.0,2016
putnam,missouri,32281.0,2016
ralls,missouri,38133.0,2016
randolph,missouri,36703.0,2016
ray,missouri,38829.0,2016
reynolds,missouri,28371.0,2016
ripley,missouri,29089.0,2016
st. charles,missouri,47822.0,2016
st. clair,missouri,31720.0,2016
ste. genevieve,missouri,36586.0,2016
st. francois,missouri,30703.0,2016
st. louis,missouri,62777.0,2016
saline,missouri,37880.0,2016
schuyler,missouri,26449.0,2016
scotland,missouri,32942.0,2016
scott,missouri,37517.0,2016
shannon,missouri,24424.0,2016
shelby,missouri,38438.0,2016
stoddard,missouri,36411.0,2016
stone,missouri,34619.0,2016
sullivan,missouri,34752.0,2016
taney,missouri,33009.0,2016
texas,missouri,25450.0,2016
vernon,missouri,32067.0,2016
warren,missouri,37077.0,2016
washington,missouri,27501.0,2016
wayne,missouri,28141.0,2016
webster,missouri,30114.0,2016
worth,missouri,38002.0,2016
wright,missouri,26505.0,2016
st. louis city,missouri,41061.0,2016
beaverhead,montana,41054.0,2016
big horn,montana,29532.0,2016
blaine,montana,28671.0,2016
broadwater,montana,36705.0,2016
carbon,montana,42153.0,2016
carter,montana,50296.0,2016
cascade,montana,43375.0,2016
chouteau,montana,31202.0,2016
custer,montana,40763.0,2016
daniels,montana,38811.0,2016
dawson,montana,39379.0,2016
deer lodge,montana,37184.0,2016
fallon,montana,43814.0,2016
fergus,montana,40197.0,2016
flathead,montana,42302.0,2016
gallatin,montana,47959.0,2016
garfield,montana,40763.0,2016
glacier,montana,31869.0,2016
golden valley,montana,49017.0,2016
granite,montana,36868.0,2016
hill,montana,41321.0,2016
jefferson,montana,43540.0,2016
judith basin,montana,48981.0,2016
lake,montana,34183.0,2016
lewis and clark,montana,44733.0,2016
liberty,montana,34038.0,2016
lincoln,montana,33464.0,2016
mccone,montana,43988.0,2016
madison,montana,48748.0,2016
meagher,montana,42170.0,2016
mineral,montana,33617.0,2016
missoula,montana,44134.0,2016
musselshell,montana,38443.0,2016
park,montana,45647.0,2016
petroleum,montana,49505.0,2016
phillips,montana,37247.0,2016
pondera,montana,39017.0,2016
powder river,montana,36066.0,2016
powell,montana,36959.0,2016
prairie,montana,38146.0,2016
ravalli,montana,38919.0,2016
richland,montana,52929.0,2016
roosevelt,montana,33914.0,2016
rosebud,montana,36626.0,2016
sanders,montana,33125.0,2016
sheridan,montana,48864.0,2016
silver bow,montana,46395.0,2016
stillwater,montana,44314.0,2016
sweet grass,montana,44264.0,2016
teton,montana,43548.0,2016
toole,montana,37476.0,2016
treasure,montana,52325.0,2016
valley,montana,42343.0,2016
wheatland,montana,35138.0,2016
wibaux,montana,39643.0,2016
yellowstone,montana,47467.0,2016
adams,nebraska,44216.0,2016
antelope,nebraska,51137.0,2016
arthur,nebraska,42994.0,2016
banner,nebraska,61317.0,2016
blaine,nebraska,56531.0,2016
boone,nebraska,59530.0,2016
box butte,nebraska,44699.0,2016
boyd,nebraska,46673.0,2016
brown,nebraska,56162.0,2016
buffalo,nebraska,48026.0,2016
burt,nebraska,48886.0,2016
butler,nebraska,45213.0,2016
cass,nebraska,46609.0,2016
cedar,nebraska,51207.0,2016
chase,nebraska,53606.0,2016
cherry,nebraska,50438.0,2016
cheyenne,nebraska,52314.0,2016
clay,nebraska,44731.0,2016
colfax,nebraska,43834.0,2016
cuming,nebraska,70495.0,2016
custer,nebraska,52938.0,2016
dakota,nebraska,38911.0,2016
dawes,nebraska,33976.0,2016
dawson,nebraska,39718.0,2016
deuel,nebraska,45160.0,2016
dixon,nebraska,46012.0,2016
dodge,nebraska,44081.0,2016
douglas,nebraska,59061.0,2016
dundy,nebraska,64873.0,2016
fillmore,nebraska,58725.0,2016
franklin,nebraska,41723.0,2016
frontier,nebraska,43379.0,2016
furnas,nebraska,45177.0,2016
gage,nebraska,47342.0,2016
garden,nebraska,44259.0,2016
garfield,nebraska,46755.0,2016
gosper,nebraska,46652.0,2016
grant,nebraska,48006.0,2016
greeley,nebraska,45604.0,2016
hall,nebraska,39994.0,2016
hamilton,nebraska,50416.0,2016
harlan,nebraska,41364.0,2016
hayes,nebraska,60719.0,2016
hitchcock,nebraska,39289.0,2016
holt,nebraska,56290.0,2016
hooker,nebraska,48804.0,2016
howard,nebraska,44828.0,2016
jefferson,nebraska,49774.0,2016
johnson,nebraska,38867.0,2016
kearney,nebraska,76225.0,2016
keith,nebraska,45190.0,2016
keya paha,nebraska,70751.0,2016
kimball,nebraska,43846.0,2016
knox,nebraska,44368.0,2016
lancaster,nebraska,45484.0,2016
lincoln,nebraska,47120.0,2016
logan,nebraska,47649.0,2016
loup,nebraska,59289.0,2016
mcpherson,nebraska,53349.0,2016
madison,nebraska,45673.0,2016
merrick,nebraska,53353.0,2016
morrill,nebraska,54533.0,2016
nance,nebraska,43479.0,2016
nemaha,nebraska,47179.0,2016
nuckolls,nebraska,43362.0,2016
otoe,nebraska,44797.0,2016
pawnee,nebraska,46089.0,2016
perkins,nebraska,50035.0,2016
phelps,nebraska,59553.0,2016
pierce,nebraska,54999.0,2016
platte,nebraska,45692.0,2016
polk,nebraska,49469.0,2016
red willow,nebraska,43936.0,2016
richardson,nebraska,45841.0,2016
rock,nebraska,64463.0,2016
saline,nebraska,41485.0,2016
sarpy,nebraska,45934.0,2016
saunders,nebraska,47125.0,2016
scotts bluff,nebraska,42706.0,2016
seward,nebraska,45989.0,2016
sheridan,nebraska,48745.0,2016
sherman,nebraska,39350.0,2016
sioux,nebraska,62909.0,2016
stanton,nebraska,47375.0,2016
thayer,nebraska,53386.0,2016
thomas,nebraska,55825.0,2016
thurston,nebraska,49448.0,2016
valley,nebraska,43014.0,2016
washington,nebraska,50465.0,2016
wayne,nebraska,43134.0,2016
webster,nebraska,46939.0,2016
wheeler,nebraska,113939.0,2016
york,nebraska,48944.0,2016
churchill,nevada,37770.0,2016
clark,nevada,42284.0,2016
douglas,nevada,65495.0,2016
elko,nevada,45866.0,2016
esmeralda,nevada,42147.0,2016
eureka,nevada,34159.0,2016
humboldt,nevada,43884.0,2016
lander,nevada,53264.0,2016
lincoln,nevada,29698.0,2016
lyon,nevada,33621.0,2016
mineral,nevada,40494.0,2016
nye,nevada,35694.0,2016
pershing,nevada,30763.0,2016
storey,nevada,43069.0,2016
washoe,nevada,49711.0,2016
white pine,nevada,41336.0,2016
carson city,nevada,42955.0,2016
belknap,new hampshire,55431.0,2016
carroll,new hampshire,53462.0,2016
cheshire,new hampshire,48329.0,2016
coos,new hampshire,40776.0,2016
grafton,new hampshire,56235.0,2016
hillsborough,new hampshire,56531.0,2016
merrimack,new hampshire,53359.0,2016
rockingham,new hampshire,65396.0,2016
strafford,new hampshire,46727.0,2016
sullivan,new hampshire,47845.0,2016
atlantic,new jersey,44254.0,2016
bergen,new jersey,77187.0,2016
burlington,new jersey,56812.0,2016
camden,new jersey,49392.0,2016
cape may,new jersey,54865.0,2016
cumberland,new jersey,37363.0,2016
essex,new jersey,60887.0,2016
gloucester,new jersey,50006.0,2016
hudson,new jersey,55986.0,2016
hunterdon,new jersey,82109.0,2016
mercer,new jersey,63237.0,2016
middlesex,new jersey,55980.0,2016
monmouth,new jersey,71237.0,2016
morris,new jersey,89065.0,2016
ocean,new jersey,47413.0,2016
passaic,new jersey,47547.0,2016
salem,new jersey,45187.0,2016
somerset,new jersey,90268.0,2016
sussex,new jersey,56183.0,2016
union,new jersey,61808.0,2016
warren,new jersey,51454.0,2016
bernalillo,new mexico,41038.0,2016
catron,new mexico,32683.0,2016
chaves,new mexico,36108.0,2016
cibola,new mexico,26919.0,2016
colfax,new mexico,37097.0,2016
curry,new mexico,42034.0,2016
de baca,new mexico,40269.0,2016
dona ana,new mexico,32852.0,2016
eddy,new mexico,48077.0,2016
grant,new mexico,36068.0,2016
guadalupe,new mexico,32121.0,2016
harding,new mexico,42720.0,2016
hidalgo,new mexico,35831.0,2016
lea,new mexico,33371.0,2016
lincoln,new mexico,41532.0,2016
los alamos,new mexico,65494.0,2016
luna,new mexico,30751.0,2016
mckinley,new mexico,25688.0,2016
mora,new mexico,40421.0,2016
otero,new mexico,34686.0,2016
quay,new mexico,36063.0,2016
rio arriba,new mexico,32639.0,2016
roosevelt,new mexico,36156.0,2016
sandoval,new mexico,38677.0,2016
san juan,new mexico,38007.0,2016
san miguel,new mexico,33062.0,2016
santa fe,new mexico,51461.0,2016
sierra,new mexico,37162.0,2016
socorro,new mexico,32608.0,2016
taos,new mexico,35270.0,2016
torrance,new mexico,29158.0,2016
union,new mexico,34429.0,2016
valencia,new mexico,31349.0,2016
albany,new york,56948.0,2016
allegany,new york,34021.0,2016
bronx,new york,33154.0,2016
broome,new york,40133.0,2016
cattaraugus,new york,37493.0,2016
cayuga,new york,38609.0,2016
chautauqua,new york,36577.0,2016
chemung,new york,39926.0,2016
chenango,new york,38366.0,2016
clinton,new york,40965.0,2016
columbia,new york,50935.0,2016
cortland,new york,37670.0,2016
delaware,new york,36422.0,2016
dutchess,new york,50132.0,2016
erie,new york,47559.0,2016
essex,new york,41327.0,2016
franklin,new york,36488.0,2016
fulton,new york,39159.0,2016
genesee,new york,40175.0,2016
greene,new york,42275.0,2016
hamilton,new york,52576.0,2016
herkimer,new york,37587.0,2016
jefferson,new york,43711.0,2016
kings,new york,44502.0,2016
lewis,new york,40185.0,2016
livingston,new york,38284.0,2016
madison,new york,40086.0,2016
monroe,new york,48223.0,2016
montgomery,new york,38853.0,2016
nassau,new york,79314.0,2016
new york,new york,156048.0,2016
niagara,new york,41954.0,2016
oneida,new york,40236.0,2016
onondaga,new york,47865.0,2016
ontario,new york,49477.0,2016
orange,new york,47284.0,2016
orleans,new york,35039.0,2016
oswego,new york,36865.0,2016
otsego,new york,38727.0,2016
putnam,new york,59693.0,2016
queens,new york,43467.0,2016
rensselaer,new york,45212.0,2016
richmond,new york,51427.0,2016
rockland,new york,55407.0,2016
st. lawrence,new york,34364.0,2016
saratoga,new york,62295.0,2016
schenectady,new york,46967.0,2016
schoharie,new york,36723.0,2016
schuyler,new york,39821.0,2016
seneca,new york,34967.0,2016
steuben,new york,40467.0,2016
suffolk,new york,60856.0,2016
sullivan,new york,42528.0,2016
tioga,new york,40714.0,2016
tompkins,new york,40763.0,2016
ulster,new york,45030.0,2016
warren,new york,48339.0,2016
washington,new york,36684.0,2016
wayne,new york,41722.0,2016
westchester,new york,94140.0,2016
wyoming,new york,37396.0,2016
yates,new york,35856.0,2016
alamance,north carolina,36246.0,2016
alexander,north carolina,34041.0,2016
alleghany,north carolina,34655.0,2016
anson,north carolina,32676.0,2016
ashe,north carolina,32934.0,2016
avery,north carolina,32500.0,2016
beaufort,north carolina,38758.0,2016
bertie,north carolina,32516.0,2016
bladen,north carolina,33508.0,2016
brunswick,north carolina,37971.0,2016
buncombe,north carolina,43232.0,2016
burke,north carolina,32538.0,2016
cabarrus,north carolina,41103.0,2016
caldwell,north carolina,32508.0,2016
camden,north carolina,41865.0,2016
carteret,north carolina,46056.0,2016
caswell,north carolina,32011.0,2016
catawba,north carolina,41477.0,2016
chatham,north carolina,53342.0,2016
cherokee,north carolina,29512.0,2016
chowan,north carolina,35841.0,2016
clay,north carolina,30408.0,2016
cleveland,north carolina,34401.0,2016
columbus,north carolina,31192.0,2016
craven,north carolina,41962.0,2016
cumberland,north carolina,37835.0,2016
currituck,north carolina,41810.0,2016
dare,north carolina,49248.0,2016
davidson,north carolina,35566.0,2016
davie,north carolina,42828.0,2016
duplin,north carolina,31844.0,2016
durham,north carolina,45931.0,2016
edgecombe,north carolina,33070.0,2016
forsyth,north carolina,44672.0,2016
franklin,north carolina,32847.0,2016
gaston,north carolina,38565.0,2016
gates,north carolina,34125.0,2016
graham,north carolina,29540.0,2016
granville,north carolina,35158.0,2016
greene,north carolina,29697.0,2016
guilford,north carolina,43556.0,2016
halifax,north carolina,34002.0,2016
harnett,north carolina,32010.0,2016
haywood,north carolina,39183.0,2016
henderson,north carolina,39002.0,2016
hertford,north carolina,30823.0,2016
hoke,north carolina,29215.0,2016
hyde,north carolina,36807.0,2016
iredell,north carolina,45817.0,2016
jackson,north carolina,33134.0,2016
johnston,north carolina,36604.0,2016
jones,north carolina,37039.0,2016
lee,north carolina,37346.0,2016
lenoir,north carolina,38559.0,2016
lincoln,north carolina,40591.0,2016
mcdowell,north carolina,31479.0,2016
macon,north carolina,36746.0,2016
madison,north carolina,31022.0,2016
martin,north carolina,35666.0,2016
mecklenburg,north carolina,54087.0,2016
mitchell,north carolina,32095.0,2016
montgomery,north carolina,34330.0,2016
moore,north carolina,45181.0,2016
nash,north carolina,39875.0,2016
new hanover,north carolina,42262.0,2016
northampton,north carolina,32143.0,2016
onslow,north carolina,47517.0,2016
orange,north carolina,58438.0,2016
pamlico,north carolina,39786.0,2016
pasquotank,north carolina,36330.0,2016
pender,north carolina,33674.0,2016
perquimans,north carolina,37667.0,2016
person,north carolina,35359.0,2016
pitt,north carolina,37943.0,2016
polk,north carolina,42611.0,2016
randolph,north carolina,34110.0,2016
richmond,north carolina,32848.0,2016
robeson,north carolina,27717.0,2016
rockingham,north carolina,34445.0,2016
rowan,north carolina,35307.0,2016
rutherford,north carolina,30036.0,2016
sampson,north carolina,36632.0,2016
scotland,north carolina,31041.0,2016
stanly,north carolina,36060.0,2016
stokes,north carolina,33354.0,2016
surry,north carolina,35563.0,2016
swain,north carolina,33065.0,2016
transylvania,north carolina,37182.0,2016
tyrrell,north carolina,29449.0,2016
union,north carolina,46246.0,2016
vance,north carolina,32565.0,2016
wake,north carolina,54063.0,2016
warren,north carolina,29190.0,2016
washington,north carolina,33901.0,2016
watauga,north carolina,34069.0,2016
wayne,north carolina,36950.0,2016
wilkes,north carolina,33482.0,2016
wilson,north carolina,38272.0,2016
yadkin,north carolina,34294.0,2016
yancey,north carolina,32318.0,2016
adams,north dakota,46318.0,2016
barnes,north dakota,54810.0,2016
benson,north dakota,32763.0,2016
billings,north dakota,78609.0,2016
bottineau,north dakota,52435.0,2016
bowman,north dakota,55486.0,2016
burke,north dakota,66712.0,2016
burleigh,north dakota,55587.0,2016
cass,north dakota,53662.0,2016
cavalier,north dakota,63889.0,2016
dickey,north dakota,57092.0,2016
divide,north dakota,51906.0,2016
dunn,north dakota,69651.0,2016
eddy,north dakota,48274.0,2016
emmons,north dakota,50733.0,2016
foster,north dakota,61917.0,2016
golden valley,north dakota,55808.0,2016
grand forks,north dakota,48566.0,2016
grant,north dakota,42514.0,2016
griggs,north dakota,57131.0,2016
hettinger,north dakota,48531.0,2016
kidder,north dakota,54188.0,2016
lamoure,north dakota,60586.0,2016
logan,north dakota,52089.0,2016
mchenry,north dakota,48094.0,2016
mcintosh,north dakota,49668.0,2016
mckenzie,north dakota,64369.0,2016
mclean,north dakota,57686.0,2016
mercer,north dakota,57946.0,2016
morton,north dakota,49614.0,2016
mountrail,north dakota,61809.0,2016
nelson,north dakota,54713.0,2016
oliver,north dakota,47453.0,2016
pembina,north dakota,55878.0,2016
pierce,north dakota,45061.0,2016
ramsey,north dakota,49673.0,2016
ransom,north dakota,53413.0,2016
renville,north dakota,52005.0,2016
richland,north dakota,47800.0,2016
rolette,north dakota,33399.0,2016
sargent,north dakota,65443.0,2016
sheridan,north dakota,36573.0,2016
sioux,north dakota,26052.0,2016
slope,north dakota,59048.0,2016
stark,north dakota,72605.0,2016
steele,north dakota,65780.0,2016
stutsman,north dakota,50790.0,2016
towner,north dakota,48774.0,2016
traill,north dakota,51811.0,2016
walsh,north dakota,51407.0,2016
ward,north dakota,53545.0,2016
wells,north dakota,53652.0,2016
williams,north dakota,77847.0,2016
adams,ohio,30515.0,2016
allen,ohio,38872.0,2016
ashland,ohio,34985.0,2016
ashtabula,ohio,35654.0,2016
athens,ohio,32183.0,2016
auglaize,ohio,43476.0,2016
belmont,ohio,37311.0,2016
brown,ohio,33576.0,2016
butler,ohio,42620.0,2016
carroll,ohio,36171.0,2016
champaign,ohio,37734.0,2016
clark,ohio,37866.0,2016
clermont,ohio,49215.0,2016
clinton,ohio,40673.0,2016
columbiana,ohio,35574.0,2016
coshocton,ohio,32939.0,2016
crawford,ohio,35242.0,2016
cuyahoga,ohio,50023.0,2016
darke,ohio,37299.0,2016
defiance,ohio,37687.0,2016
delaware,ohio,66532.0,2016
erie,ohio,46222.0,2016
fairfield,ohio,42049.0,2016
fayette,ohio,35222.0,2016
franklin,ohio,48150.0,2016
fulton,ohio,41358.0,2016
gallia,ohio,35640.0,2016
geauga,ohio,61456.0,2016
greene,ohio,46106.0,2016
guernsey,ohio,37069.0,2016
hamilton,ohio,53456.0,2016
hancock,ohio,60143.0,2016
hardin,ohio,31940.0,2016
harrison,ohio,35205.0,2016
henry,ohio,40880.0,2016
highland,ohio,32541.0,2016
hocking,ohio,34692.0,2016
holmes,ohio,39056.0,2016
huron,ohio,37220.0,2016
jackson,ohio,33786.0,2016
jefferson,ohio,35342.0,2016
knox,ohio,39641.0,2016
lake,ohio,46192.0,2016
lawrence,ohio,34996.0,2016
licking,ohio,42217.0,2016
logan,ohio,38815.0,2016
lorain,ohio,42089.0,2016
lucas,ohio,43493.0,2016
madison,ohio,38211.0,2016
mahoning,ohio,40456.0,2016
marion,ohio,33688.0,2016
medina,ohio,50373.0,2016
meigs,ohio,30472.0,2016
mercer,ohio,44139.0,2016
miami,ohio,42985.0,2016
monroe,ohio,29925.0,2016
montgomery,ohio,43051.0,2016
morgan,ohio,30061.0,2016
morrow,ohio,34591.0,2016
muskingum,ohio,37931.0,2016
noble,ohio,29673.0,2016
ottawa,ohio,46610.0,2016
paulding,ohio,36545.0,2016
perry,ohio,34299.0,2016
pickaway,ohio,36839.0,2016
pike,ohio,32985.0,2016
portage,ohio,40730.0,2016
preble,ohio,37099.0,2016
putnam,ohio,44953.0,2016
richland,ohio,36434.0,2016
ross,ohio,34435.0,2016
sandusky,ohio,38843.0,2016
scioto,ohio,33339.0,2016
seneca,ohio,38203.0,2016
shelby,ohio,41829.0,2016
stark,ohio,41741.0,2016
summit,ohio,46382.0,2016
trumbull,ohio,37781.0,2016
tuscarawas,ohio,40268.0,2016
union,ohio,46547.0,2016
van wert,ohio,38494.0,2016
vinton,ohio,31177.0,2016
warren,ohio,52957.0,2016
washington,ohio,39140.0,2016
wayne,ohio,38908.0,2016
williams,ohio,38784.0,2016
wood,ohio,44029.0,2016
wyandot,ohio,38872.0,2016
adair,oklahoma,27245.0,2016
alfalfa,oklahoma,43791.0,2016
atoka,oklahoma,30357.0,2016
beaver,oklahoma,44277.0,2016
beckham,oklahoma,35687.0,2016
blaine,oklahoma,41818.0,2016
bryan,oklahoma,31902.0,2016
caddo,oklahoma,29591.0,2016
canadian,oklahoma,41922.0,2016
carter,oklahoma,41406.0,2016
cherokee,oklahoma,29609.0,2016
choctaw,oklahoma,30767.0,2016
cimarron,oklahoma,60101.0,2016
cleveland,oklahoma,42201.0,2016
coal,oklahoma,34392.0,2016
comanche,oklahoma,39001.0,2016
cotton,oklahoma,37103.0,2016
craig,oklahoma,34139.0,2016
creek,oklahoma,38034.0,2016
custer,oklahoma,35834.0,2016
delaware,oklahoma,30806.0,2016
dewey,oklahoma,43849.0,2016
ellis,oklahoma,50893.0,2016
garfield,oklahoma,44782.0,2016
garvin,oklahoma,38949.0,2016
grady,oklahoma,37249.0,2016
grant,oklahoma,48955.0,2016
greer,oklahoma,23191.0,2016
harmon,oklahoma,35784.0,2016
harper,oklahoma,45026.0,2016
haskell,oklahoma,32903.0,2016
hughes,oklahoma,30857.0,2016
jackson,oklahoma,38555.0,2016
jefferson,oklahoma,33711.0,2016
johnston,oklahoma,31731.0,2016
kay,oklahoma,38816.0,2016
kingfisher,oklahoma,46079.0,2016
kiowa,oklahoma,31786.0,2016
latimer,oklahoma,32302.0,2016
le flore,oklahoma,31029.0,2016
lincoln,oklahoma,33855.0,2016
logan,oklahoma,37519.0,2016
love,oklahoma,36337.0,2016
mcclain,oklahoma,41257.0,2016
mccurtain,oklahoma,30366.0,2016
mcintosh,oklahoma,32093.0,2016
major,oklahoma,36927.0,2016
marshall,oklahoma,34453.0,2016
mayes,oklahoma,35855.0,2016
murray,oklahoma,38462.0,2016
muskogee,oklahoma,34415.0,2016
noble,oklahoma,39370.0,2016
nowata,oklahoma,33749.0,2016
okfuskee,oklahoma,28405.0,2016
oklahoma,oklahoma,47583.0,2016
okmulgee,oklahoma,31787.0,2016
osage,oklahoma,32184.0,2016
ottawa,oklahoma,34289.0,2016
pawnee,oklahoma,33107.0,2016
payne,oklahoma,35896.0,2016
pittsburg,oklahoma,36040.0,2016
pontotoc,oklahoma,40622.0,2016
pottawatomie,oklahoma,35179.0,2016
pushmataha,oklahoma,30380.0,2016
roger mills,oklahoma,47956.0,2016
rogers,oklahoma,41134.0,2016
seminole,oklahoma,31272.0,2016
sequoyah,oklahoma,31490.0,2016
stephens,oklahoma,40212.0,2016
texas,oklahoma,41455.0,2016
tillman,oklahoma,44552.0,2016
tulsa,oklahoma,57286.0,2016
wagoner,oklahoma,36388.0,2016
washington,oklahoma,45593.0,2016
washita,oklahoma,31150.0,2016
woods,oklahoma,41440.0,2016
woodward,oklahoma,43650.0,2016
baker,oregon,36412.0,2016
benton,oregon,42245.0,2016
clackamas,oregon,51379.0,2016
clatsop,oregon,41410.0,2016
columbia,oregon,40080.0,2016
coos,oregon,39769.0,2016
crook,oregon,36684.0,2016
curry,oregon,39555.0,2016
deschutes,oregon,47809.0,2016
douglas,oregon,37077.0,2016
gilliam,oregon,44085.0,2016
grant,oregon,38888.0,2016
harney,oregon,37685.0,2016
hood river,oregon,48498.0,2016
jackson,oregon,41852.0,2016
jefferson,oregon,32670.0,2016
josephine,oregon,37109.0,2016
klamath,oregon,36043.0,2016
lake,oregon,37571.0,2016
lane,oregon,41027.0,2016
lincoln,oregon,39665.0,2016
linn,oregon,38365.0,2016
malheur,oregon,29714.0,2016
marion,oregon,38168.0,2016
morrow,oregon,41631.0,2016
multnomah,oregon,51508.0,2016
polk,oregon,37818.0,2016
sherman,oregon,55846.0,2016
tillamook,oregon,39117.0,2016
umatilla,oregon,37715.0,2016
union,oregon,36785.0,2016
wallowa,oregon,43593.0,2016
wasco,oregon,42287.0,2016
washington,oregon,54203.0,2016
wheeler,oregon,35070.0,2016
yamhill,oregon,39974.0,2016
adams,pennsylvania,45853.0,2016
allegheny,pennsylvania,54796.0,2016
armstrong,pennsylvania,40522.0,2016
beaver,pennsylvania,43659.0,2016
bedford,pennsylvania,37873.0,2016
berks,pennsylvania,45763.0,2016
blair,pennsylvania,41754.0,2016
bradford,pennsylvania,39237.0,2016
bucks,pennsylvania,65895.0,2016
butler,pennsylvania,52698.0,2016
cambria,pennsylvania,39322.0,2016
cameron,pennsylvania,43879.0,2016
carbon,pennsylvania,45622.0,2016
centre,pennsylvania,41032.0,2016
chester,pennsylvania,75281.0,2016
clarion,pennsylvania,37592.0,2016
clearfield,pennsylvania,40266.0,2016
clinton,pennsylvania,36168.0,2016
columbia,pennsylvania,38671.0,2016
crawford,pennsylvania,36975.0,2016
cumberland,pennsylvania,51384.0,2016
dauphin,pennsylvania,47864.0,2016
delaware,pennsylvania,59594.0,2016
elk,pennsylvania,44772.0,2016
erie,pennsylvania,40764.0,2016
fayette,pennsylvania,38960.0,2016
forest,pennsylvania,24639.0,2016
franklin,pennsylvania,42275.0,2016
fulton,pennsylvania,37026.0,2016
greene,pennsylvania,42565.0,2016
huntingdon,pennsylvania,37077.0,2016
indiana,pennsylvania,35482.0,2016
jefferson,pennsylvania,38222.0,2016
juniata,pennsylvania,38715.0,2016
lackawanna,pennsylvania,43616.0,2016
lancaster,pennsylvania,45839.0,2016
lawrence,pennsylvania,40061.0,2016
lebanon,pennsylvania,43576.0,2016
lehigh,pennsylvania,48834.0,2016
luzerne,pennsylvania,41809.0,2016
lycoming,pennsylvania,40185.0,2016
mckean,pennsylvania,39416.0,2016
mercer,pennsylvania,38872.0,2016
mifflin,pennsylvania,35717.0,2016
monroe,pennsylvania,39104.0,2016
montgomery,pennsylvania,72780.0,2016
montour,pennsylvania,51877.0,2016
northampton,pennsylvania,48650.0,2016
northumberland,pennsylvania,38764.0,2016
perry,pennsylvania,40573.0,2016
philadelphia,pennsylvania,51645.0,2016
pike,pennsylvania,42332.0,2016
potter,pennsylvania,36338.0,2016
schuylkill,pennsylvania,40325.0,2016
snyder,pennsylvania,38247.0,2016
somerset,pennsylvania,37250.0,2016
sullivan,pennsylvania,40211.0,2016
susquehanna,pennsylvania,40747.0,2016
tioga,pennsylvania,36499.0,2016
union,pennsylvania,36251.0,2016
venango,pennsylvania,38174.0,2016
warren,pennsylvania,39645.0,2016
washington,pennsylvania,52834.0,2016
wayne,pennsylvania,38965.0,2016
westmoreland,pennsylvania,47096.0,2016
wyoming,pennsylvania,41633.0,2016
york,pennsylvania,45918.0,2016
bristol,rhode island,70504.0,2016
kent,rhode island,54832.0,2016
newport,rhode island,61367.0,2016
providence,rhode island,44630.0,2016
washington,rhode island,58801.0,2016
abbeville,south carolina,31374.0,2016
aiken,south carolina,39030.0,2016
allendale,south carolina,30507.0,2016
anderson,south carolina,36147.0,2016
bamberg,south carolina,31457.0,2016
barnwell,south carolina,28457.0,2016
beaufort,south carolina,50078.0,2016
berkeley,south carolina,35667.0,2016
calhoun,south carolina,35435.0,2016
charleston,south carolina,53272.0,2016
cherokee,south carolina,30026.0,2016
chester,south carolina,31096.0,2016
chesterfield,south carolina,30783.0,2016
clarendon,south carolina,28063.0,2016
colleton,south carolina,34362.0,2016
darlington,south carolina,34890.0,2016
dillon,south carolina,26747.0,2016
dorchester,south carolina,36460.0,2016
edgefield,south carolina,32921.0,2016
fairfield,south carolina,34801.0,2016
florence,south carolina,38258.0,2016
georgetown,south carolina,42195.0,2016
greenville,south carolina,44298.0,2016
greenwood,south carolina,34478.0,2016
hampton,south carolina,28723.0,2016
horry,south carolina,33820.0,2016
jasper,south carolina,26274.0,2016
kershaw,south carolina,38417.0,2016
lancaster,south carolina,40941.0,2016
laurens,south carolina,32000.0,2016
lee,south carolina,28172.0,2016
lexington,south carolina,42843.0,2016
mccormick,south carolina,34967.0,2016
marion,south carolina,29319.0,2016
marlboro,south carolina,26175.0,2016
newberry,south carolina,35718.0,2016
oconee,south carolina,38863.0,2016
orangeburg,south carolina,31575.0,2016
pickens,south carolina,34835.0,2016
richland,south carolina,42245.0,2016
saluda,south carolina,32793.0,2016
spartanburg,south carolina,39386.0,2016
sumter,south carolina,37536.0,2016
union,south carolina,30812.0,2016
williamsburg,south carolina,28725.0,2016
york,south carolina,40561.0,2016
aurora,south dakota,44595.0,2016
beadle,south dakota,51081.0,2016
bennett,south dakota,27250.0,2016
bon homme,south dakota,36355.0,2016
brookings,south dakota,43111.0,2016
brown,south dakota,48978.0,2016
brule,south dakota,41694.0,2016
buffalo,south dakota,22675.0,2016
butte,south dakota,33108.0,2016
campbell,south dakota,42612.0,2016
charles mix,south dakota,39670.0,2016
clark,south dakota,43386.0,2016
clay,south dakota,37265.0,2016
codington,south dakota,43235.0,2016
corson,south dakota,23877.0,2016
custer,south dakota,43420.0,2016
davison,south dakota,49614.0,2016
day,south dakota,43296.0,2016
deuel,south dakota,50703.0,2016
dewey,south dakota,33250.0,2016
douglas,south dakota,54674.0,2016
edmunds,south dakota,43136.0,2016
fall river,south dakota,43856.0,2016
faulk,south dakota,41008.0,2016
grant,south dakota,63632.0,2016
gregory,south dakota,41187.0,2016
haakon,south dakota,44719.0,2016
hamlin,south dakota,38770.0,2016
hand,south dakota,46997.0,2016
hanson,south dakota,60596.0,2016
harding,south dakota,46263.0,2016
hughes,south dakota,49892.0,2016
hutchinson,south dakota,50502.0,2016
hyde,south dakota,45683.0,2016
jackson,south dakota,22718.0,2016
jerauld,south dakota,45559.0,2016
jones,south dakota,47662.0,2016
kingsbury,south dakota,49160.0,2016
lake,south dakota,53278.0,2016
lawrence,south dakota,44670.0,2016
lincoln,south dakota,63203.0,2016
lyman,south dakota,37577.0,2016
mccook,south dakota,46135.0,2016
mcpherson,south dakota,32800.0,2016
marshall,south dakota,43286.0,2016
meade,south dakota,39190.0,2016
mellette,south dakota,23106.0,2016
miner,south dakota,44126.0,2016
minnehaha,south dakota,51167.0,2016
moody,south dakota,46738.0,2016
oglala lakota,south dakota,23194.0,2016
pennington,south dakota,46755.0,2016
perkins,south dakota,38373.0,2016
potter,south dakota,76181.0,2016
roberts,south dakota,32605.0,2016
sanborn,south dakota,40719.0,2016
spink,south dakota,48318.0,2016
stanley,south dakota,62522.0,2016
sully,south dakota,56833.0,2016
todd,south dakota,23582.0,2016
tripp,south dakota,41322.0,2016
turner,south dakota,76806.0,2016
union,south dakota,98329.0,2016
walworth,south dakota,42522.0,2016
yankton,south dakota,45748.0,2016
ziebach,south dakota,16681.0,2016
anderson,tennessee,39225.0,2016
bedford,tennessee,34069.0,2016
benton,tennessee,34013.0,2016
bledsoe,tennessee,20353.0,2016
blount,tennessee,39226.0,2016
bradley,tennessee,37941.0,2016
campbell,tennessee,32077.0,2016
cannon,tennessee,33597.0,2016
carroll,tennessee,35275.0,2016
carter,tennessee,31973.0,2016
cheatham,tennessee,39469.0,2016
chester,tennessee,30506.0,2016
claiborne,tennessee,32048.0,2016
clay,tennessee,31434.0,2016
cocke,tennessee,29976.0,2016
coffee,tennessee,37307.0,2016
crockett,tennessee,35543.0,2016
cumberland,tennessee,34828.0,2016
davidson,tennessee,58283.0,2016
decatur,tennessee,34411.0,2016
dekalb,tennessee,34346.0,2016
dickson,tennessee,36490.0,2016
dyer,tennessee,38195.0,2016
fayette,tennessee,50209.0,2016
fentress,tennessee,29676.0,2016
franklin,tennessee,36366.0,2016
gibson,tennessee,36898.0,2016
giles,tennessee,37303.0,2016
grainger,tennessee,30538.0,2016
greene,tennessee,38067.0,2016
grundy,tennessee,29275.0,2016
hamblen,tennessee,35780.0,2016
hamilton,tennessee,48053.0,2016
hancock,tennessee,24256.0,2016
hardeman,tennessee,28296.0,2016
hardin,tennessee,36150.0,2016
hawkins,tennessee,32030.0,2016
haywood,tennessee,30274.0,2016
henderson,tennessee,33476.0,2016
henry,tennessee,38593.0,2016
hickman,tennessee,30069.0,2016
houston,tennessee,31806.0,2016
humphreys,tennessee,36179.0,2016
jackson,tennessee,28273.0,2016
jefferson,tennessee,32936.0,2016
johnson,tennessee,32024.0,2016
knox,tennessee,46305.0,2016
lake,tennessee,23894.0,2016
lauderdale,tennessee,26994.0,2016
lawrence,tennessee,31868.0,2016
lewis,tennessee,30567.0,2016
lincoln,tennessee,37660.0,2016
loudon,tennessee,43868.0,2016
mcminn,tennessee,33942.0,2016
mcnairy,tennessee,30003.0,2016
macon,tennessee,30401.0,2016
madison,tennessee,40101.0,2016
marion,tennessee,35307.0,2016
marshall,tennessee,34075.0,2016
maury,tennessee,38207.0,2016
meigs,tennessee,30712.0,2016
monroe,tennessee,31512.0,2016
montgomery,tennessee,39176.0,2016
moore,tennessee,37415.0,2016
morgan,tennessee,27978.0,2016
obion,tennessee,36729.0,2016
overton,tennessee,30197.0,2016
perry,tennessee,29390.0,2016
pickett,tennessee,37567.0,2016
polk,tennessee,32101.0,2016
putnam,tennessee,37218.0,2016
rhea,tennessee,33551.0,2016
roane,tennessee,38234.0,2016
robertson,tennessee,38033.0,2016
rutherford,tennessee,38098.0,2016
scott,tennessee,27435.0,2016
sequatchie,tennessee,34671.0,2016
sevier,tennessee,36285.0,2016
shelby,tennessee,46234.0,2016
smith,tennessee,34653.0,2016
stewart,tennessee,38469.0,2016
sullivan,tennessee,39345.0,2016
sumner,tennessee,43951.0,2016
tipton,tennessee,36192.0,2016
trousdale,tennessee,35177.0,2016
unicoi,tennessee,35499.0,2016
union,tennessee,29283.0,2016
van buren,tennessee,27268.0,2016
warren,tennessee,32930.0,2016
washington,tennessee,39909.0,2016
wayne,tennessee,27520.0,2016
weakley,tennessee,33491.0,2016
white,tennessee,31752.0,2016
williamson,tennessee,90979.0,2016
wilson,tennessee,44650.0,2016
anderson,texas,32978.0,2016
andrews,texas,46078.0,2016
angelina,texas,39002.0,2016
aransas,texas,45064.0,2016
archer,texas,45387.0,2016
armstrong,texas,38356.0,2016
atascosa,texas,35697.0,2016
austin,texas,49559.0,2016
bailey,texas,39395.0,2016
bandera,texas,40818.0,2016
bastrop,texas,33453.0,2016
baylor,texas,38923.0,2016
bee,texas,26466.0,2016
bell,texas,41380.0,2016
bexar,texas,43617.0,2016
blanco,texas,47365.0,2016
borden,texas,46359.0,2016
bosque,texas,39190.0,2016
bowie,texas,37899.0,2016
brazoria,texas,43842.0,2016
brazos,texas,34776.0,2016
brewster,texas,43579.0,2016
briscoe,texas,35305.0,2016
brooks,texas,33436.0,2016
brown,texas,33973.0,2016
burleson,texas,40421.0,2016
burnet,texas,43667.0,2016
caldwell,texas,31429.0,2016
calhoun,texas,36332.0,2016
callahan,texas,36353.0,2016
cameron,texas,27055.0,2016
camp,texas,36948.0,2016
carson,texas,45119.0,2016
cass,texas,33642.0,2016
castro,texas,46835.0,2016
chambers,texas,49970.0,2016
cherokee,texas,32404.0,2016
childress,texas,29459.0,2016
clay,texas,40714.0,2016
cochran,texas,44064.0,2016
coke,texas,33374.0,2016
coleman,texas,35608.0,2016
collin,texas,61179.0,2016
collingsworth,texas,39032.0,2016
colorado,texas,46072.0,2016
comal,texas,53333.0,2016
comanche,texas,36554.0,2016
concho,texas,22477.0,2016
cooke,texas,47889.0,2016
coryell,texas,32376.0,2016
cottle,texas,58009.0,2016
crane,texas,38322.0,2016
crockett,texas,34063.0,2016
crosby,texas,34986.0,2016
culberson,texas,43072.0,2016
dallam,texas,54826.0,2016
dallas,texas,52784.0,2016
dawson,texas,34055.0,2016
deaf smith,texas,37947.0,2016
delta,texas,37273.0,2016
denton,texas,51332.0,2016
dewitt,texas,55956.0,2016
dickens,texas,31954.0,2016
dimmit,texas,41310.0,2016
donley,texas,40549.0,2016
duval,texas,35308.0,2016
eastland,texas,51152.0,2016
ector,texas,41522.0,2016
edwards,texas,32575.0,2016
ellis,texas,40094.0,2016
el paso,texas,32954.0,2016
erath,texas,33107.0,2016
falls,texas,32442.0,2016
fannin,texas,36265.0,2016
fayette,texas,48197.0,2016
fisher,texas,45679.0,2016
floyd,texas,38116.0,2016
foard,texas,37381.0,2016
fort bend,texas,54005.0,2016
franklin,texas,34850.0,2016
freestone,texas,32667.0,2016
frio,texas,33854.0,2016
gaines,texas,35690.0,2016
galveston,texas,47605.0,2016
garza,texas,36064.0,2016
gillespie,texas,55644.0,2016
glasscock,texas,91765.0,2016
goliad,texas,42320.0,2016
gonzales,texas,42456.0,2016
gray,texas,41772.0,2016
grayson,texas,38932.0,2016
gregg,texas,44580.0,2016
grimes,texas,35677.0,2016
guadalupe,texas,42164.0,2016
hale,texas,32061.0,2016
hall,texas,34752.0,2016
hamilton,texas,55320.0,2016
hansford,texas,64374.0,2016
hardeman,texas,36699.0,2016
hardin,texas,42744.0,2016
harris,texas,52452.0,2016
harrison,texas,41146.0,2016
hartley,texas,53566.0,2016
haskell,texas,34858.0,2016
hays,texas,38912.0,2016
hemphill,texas,73671.0,2016
henderson,texas,37941.0,2016
hidalgo,texas,24805.0,2016
hill,texas,37444.0,2016
hockley,texas,41958.0,2016
hood,texas,47654.0,2016
hopkins,texas,36530.0,2016
houston,texas,37420.0,2016
howard,texas,33483.0,2016
hudspeth,texas,32506.0,2016
hunt,texas,35083.0,2016
hutchinson,texas,41422.0,2016
irion,texas,63937.0,2016
jack,texas,36585.0,2016
jackson,texas,39344.0,2016
jasper,texas,37322.0,2016
jeff davis,texas,36885.0,2016
jefferson,texas,41813.0,2016
jim hogg,texas,27317.0,2016
jim wells,texas,39858.0,2016
johnson,texas,38247.0,2016
jones,texas,29703.0,2016
karnes,texas,48791.0,2016
kaufman,texas,38661.0,2016
kendall,texas,77002.0,2016
kenedy,texas,41349.0,2016
kent,texas,41662.0,2016
kerr,texas,45196.0,2016
kimble,texas,41201.0,2016
king,texas,41779.0,2016
kinney,texas,29350.0,2016
kleberg,texas,35066.0,2016
knox,texas,33784.0,2016
lamar,texas,38518.0,2016
lamb,texas,37483.0,2016
lampasas,texas,46808.0,2016
la salle,texas,45720.0,2016
lavaca,texas,46227.0,2016
lee,texas,45276.0,2016
leon,texas,39459.0,2016
liberty,texas,34631.0,2016
limestone,texas,33135.0,2016
lipscomb,texas,55113.0,2016
live oak,texas,40899.0,2016
llano,texas,45385.0,2016
loving,texas,39221.0,2016
lubbock,texas,38757.0,2016
lynn,texas,37224.0,2016
mcculloch,texas,35871.0,2016
mclennan,texas,38125.0,2016
mcmullen,texas,104531.0,2016
madison,texas,30114.0,2016
marion,texas,33010.0,2016
martin,texas,47612.0,2016
mason,texas,37632.0,2016
matagorda,texas,39090.0,2016
maverick,texas,27228.0,2016
medina,texas,37190.0,2016
menard,texas,33907.0,2016
midland,texas,105486.0,2016
milam,texas,36201.0,2016
mills,texas,36072.0,2016
mitchell,texas,30812.0,2016
montague,texas,43320.0,2016
montgomery,texas,56730.0,2016
moore,texas,36467.0,2016
morris,texas,39979.0,2016
motley,texas,30558.0,2016
nacogdoches,texas,33812.0,2016
navarro,texas,35443.0,2016
newton,texas,30643.0,2016
nolan,texas,37774.0,2016
nueces,texas,40800.0,2016
ochiltree,texas,59176.0,2016
oldham,texas,44717.0,2016
orange,texas,41509.0,2016
palo pinto,texas,37361.0,2016
panola,texas,37930.0,2016
parker,texas,48692.0,2016
parmer,texas,41577.0,2016
pecos,texas,31851.0,2016
polk,texas,36231.0,2016
potter,texas,41868.0,2016
presidio,texas,34960.0,2016
rains,texas,32899.0,2016
randall,texas,45294.0,2016
reagan,texas,47649.0,2016
real,texas,30105.0,2016
red river,texas,37454.0,2016
reeves,texas,30106.0,2016
refugio,texas,42014.0,2016
roberts,texas,40354.0,2016
robertson,texas,38305.0,2016
rockwall,texas,54406.0,2016
runnels,texas,36696.0,2016
rusk,texas,35532.0,2016
sabine,texas,36277.0,2016
san augustine,texas,34908.0,2016
san jacinto,texas,31569.0,2016
san patricio,texas,40868.0,2016
san saba,texas,36772.0,2016
schleicher,texas,34963.0,2016
scurry,texas,45218.0,2016
shackelford,texas,162378.0,2016
shelby,texas,37254.0,2016
sherman,texas,55319.0,2016
smith,texas,49857.0,2016
somervell,texas,41000.0,2016
starr,texas,24140.0,2016
stephens,texas,36446.0,2016
sterling,texas,52067.0,2016
stonewall,texas,45778.0,2016
sutton,texas,45911.0,2016
swisher,texas,41073.0,2016
tarrant,texas,48050.0,2016
taylor,texas,42783.0,2016
terrell,texas,45983.0,2016
terry,texas,35617.0,2016
throckmorton,texas,45369.0,2016
titus,texas,32571.0,2016
tom green,texas,42729.0,2016
travis,texas,58700.0,2016
trinity,texas,32889.0,2016
tyler,texas,31439.0,2016
upshur,texas,34509.0,2016
upton,texas,48477.0,2016
uvalde,texas,37955.0,2016
val verde,texas,34778.0,2016
van zandt,texas,34859.0,2016
victoria,texas,44438.0,2016
walker,texas,25719.0,2016
waller,texas,34602.0,2016
ward,texas,39107.0,2016
washington,texas,47470.0,2016
webb,texas,29426.0,2016
wharton,texas,39849.0,2016
wheeler,texas,42229.0,2016
wichita,texas,42110.0,2016
wilbarger,texas,37766.0,2016
willacy,texas,26715.0,2016
williamson,texas,44679.0,2016
wilson,texas,41187.0,2016
winkler,texas,37673.0,2016
wise,texas,40825.0,2016
wood,texas,35236.0,2016
yoakum,texas,40054.0,2016
young,texas,47362.0,2016
zapata,texas,24226.0,2016
zavala,texas,27691.0,2016
beaver,utah,33652.0,2016
box elder,utah,33265.0,2016
cache,utah,33896.0,2016
carbon,utah,34149.0,2016
daggett,utah,34879.0,2016
davis,utah,41339.0,2016
duchesne,utah,32430.0,2016
emery,utah,30316.0,2016
garfield,utah,35183.0,2016
grand,utah,41958.0,2016
iron,utah,27068.0,2016
juab,utah,32829.0,2016
kane,utah,37134.0,2016
millard,utah,32080.0,2016
morgan,utah,45755.0,2016
piute,utah,28104.0,2016
rich,utah,34549.0,2016
salt lake,utah,46762.0,2016
san juan,utah,22260.0,2016
sanpete,utah,25798.0,2016
sevier,utah,30644.0,2016
summit,utah,108675.0,2016
tooele,utah,33240.0,2016
uintah,utah,29251.0,2016
utah,utah,36215.0,2016
wasatch,utah,42331.0,2016
washington,utah,32924.0,2016
wayne,utah,31401.0,2016
weber,utah,37691.0,2016
addison,vermont,46092.0,2016
bennington,vermont,49278.0,2016
caledonia,vermont,39282.0,2016
chittenden,vermont,56501.0,2016
essex,vermont,34708.0,2016
franklin,vermont,42178.0,2016
grand isle,vermont,54335.0,2016
lamoille,vermont,49571.0,2016
orange,vermont,43531.0,2016
orleans,vermont,41324.0,2016
rutland,vermont,49375.0,2016
washington,vermont,54404.0,2016
windham,vermont,48065.0,2016
windsor,vermont,53186.0,2016
accomack,virginia,39596.0,2016
amelia,virginia,40530.0,2016
amherst,virginia,34351.0,2016
appomattox,virginia,35344.0,2016
arlington,virginia,87986.0,2016
bath,virginia,51519.0,2016
bedford,virginia,42082.0,2016
bland,virginia,33354.0,2016
botetourt,virginia,46748.0,2016
brunswick,virginia,32958.0,2016
buchanan,virginia,31677.0,2016
buckingham,virginia,27637.0,2016
caroline,virginia,41318.0,2016
charles city,virginia,40464.0,2016
charlotte,virginia,33255.0,2016
chesterfield,virginia,49546.0,2016
clarke,virginia,59162.0,2016
craig,virginia,34705.0,2016
culpeper,virginia,42889.0,2016
cumberland,virginia,34967.0,2016
dickenson,virginia,27807.0,2016
essex,virginia,39383.0,2016
fauquier,virginia,63854.0,2016
floyd,virginia,34622.0,2016
fluvanna,virginia,40825.0,2016
franklin,virginia,37300.0,2016
giles,virginia,36957.0,2016
gloucester,virginia,45923.0,2016
goochland,virginia,87084.0,2016
grayson,virginia,31556.0,2016
greene,virginia,40175.0,2016
halifax,virginia,34527.0,2016
hanover,virginia,55447.0,2016
henrico,virginia,58876.0,2016
highland,virginia,44881.0,2016
isle of wight,virginia,51213.0,2016
king and queen,virginia,39615.0,2016
king george,virginia,52212.0,2016
king william,virginia,43562.0,2016
lancaster,virginia,51821.0,2016
lee,virginia,28013.0,2016
loudoun,virginia,71218.0,2016
louisa,virginia,42721.0,2016
lunenburg,virginia,31256.0,2016
madison,virginia,47435.0,2016
mathews,virginia,51336.0,2016
mecklenburg,virginia,34723.0,2016
middlesex,virginia,46594.0,2016
nelson,virginia,45323.0,2016
new kent,virginia,58802.0,2016
northampton,virginia,38733.0,2016
northumberland,virginia,44653.0,2016
nottoway,virginia,36294.0,2016
orange,virginia,43679.0,2016
page,virginia,36716.0,2016
patrick,virginia,31682.0,2016
powhatan,virginia,50490.0,2016
prince edward,virginia,30149.0,2016
pulaski,virginia,37219.0,2016
rappahannock,virginia,56573.0,2016
richmond,virginia,33810.0,2016
russell,virginia,32163.0,2016
scott,virginia,31208.0,2016
shenandoah,virginia,39940.0,2016
smyth,virginia,34516.0,2016
stafford,virginia,51177.0,2016
surry,virginia,41337.0,2016
sussex,virginia,29439.0,2016
tazewell,virginia,33908.0,2016
warren,virginia,42374.0,2016
westmoreland,virginia,41178.0,2016
wythe,virginia,35287.0,2016
alexandria city,virginia,83167.0,2016
chesapeake city,virginia,47302.0,2016
hampton city,virginia,41385.0,2016
newport news city,virginia,40967.0,2016
norfolk city,virginia,38484.0,2016
portsmouth city,virginia,39170.0,2016
richmond city,virginia,51160.0,2016
roanoke city,virginia,42263.0,2016
suffolk city,virginia,48467.0,2016
virginia beach city,virginia,53432.0,2016
albemarle,virginia,60964.0,2016
alleghany,virginia,37436.0,2016
augusta,virginia,39856.0,2016
campbell,virginia,35818.0,2016
carroll,virginia,33418.0,2016
dinwiddie,virginia,38356.0,2016
fairfax,virginia,75978.0,2016
frederick,virginia,46356.0,2016
greensville,virginia,31247.0,2016
henry,virginia,35899.0,2016
james city,virginia,59632.0,2016
montgomery,virginia,33650.0,2016
pittsylvania,virginia,35326.0,2016
prince george,virginia,37561.0,2016
prince william,virginia,51164.0,2016
roanoke,virginia,48384.0,2016
rockbridge,virginia,37989.0,2016
rockingham,virginia,36021.0,2016
southampton,virginia,35898.0,2016
spotsylvania,virginia,47230.0,2016
washington,virginia,39321.0,2016
wise,virginia,29502.0,2016
york,virginia,54592.0,2016
adams,washington,44393.0,2016
asotin,washington,42940.0,2016
benton,washington,45329.0,2016
chelan,washington,47428.0,2016
clallam,washington,40985.0,2016
clark,washington,47078.0,2016
columbia,washington,48136.0,2016
cowlitz,washington,41449.0,2016
douglas,washington,36951.0,2016
ferry,washington,32876.0,2016
franklin,washington,35339.0,2016
garfield,washington,43447.0,2016
grant,washington,40879.0,2016
grays harbor,washington,36824.0,2016
island,washington,49741.0,2016
jefferson,washington,48625.0,2016
king,washington,77213.0,2016
kitsap,washington,49709.0,2016
kittitas,washington,40161.0,2016
klickitat,washington,45595.0,2016
lewis,washington,38586.0,2016
lincoln,washington,46053.0,2016
mason,washington,37986.0,2016
okanogan,washington,39912.0,2016
pacific,washington,42039.0,2016
pend oreille,washington,36911.0,2016
pierce,washington,46706.0,2016
san juan,washington,69155.0,2016
skagit,washington,46565.0,2016
skamania,washington,40338.0,2016
snohomish,washington,49511.0,2016
spokane,washington,42028.0,2016
stevens,washington,35855.0,2016
thurston,washington,45932.0,2016
wahkiakum,washington,36990.0,2016
walla walla,washington,43459.0,2016
whatcom,washington,44273.0,2016
whitman,washington,35697.0,2016
yakima,washington,40558.0,2016
barbour,west virginia,29329.0,2016
berkeley,west virginia,37576.0,2016
boone,west virginia,31026.0,2016
braxton,west virginia,28548.0,2016
brooke,west virginia,37320.0,2016
cabell,west virginia,38676.0,2016
calhoun,west virginia,26978.0,2016
clay,west virginia,28506.0,2016
doddridge,west virginia,25258.0,2016
fayette,west virginia,30239.0,2016
gilmer,west virginia,24779.0,2016
grant,west virginia,33204.0,2016
greenbrier,west virginia,34932.0,2016
hampshire,west virginia,31730.0,2016
hancock,west virginia,37934.0,2016
hardy,west virginia,28475.0,2016
harrison,west virginia,42664.0,2016
jackson,west virginia,34234.0,2016
jefferson,west virginia,45227.0,2016
kanawha,west virginia,44060.0,2016
lewis,west virginia,35314.0,2016
lincoln,west virginia,27377.0,2016
logan,west virginia,32950.0,2016
mcdowell,west virginia,27401.0,2016
marion,west virginia,38428.0,2016
marshall,west virginia,36298.0,2016
mason,west virginia,30307.0,2016
mercer,west virginia,34063.0,2016
mineral,west virginia,36836.0,2016
mingo,west virginia,28162.0,2016
monongalia,west virginia,40949.0,2016
monroe,west virginia,28409.0,2016
morgan,west virginia,33201.0,2016
nicholas,west virginia,31296.0,2016
ohio,west virginia,48607.0,2016
pendleton,west virginia,34931.0,2016
pleasants,west virginia,39069.0,2016
pocahontas,west virginia,34591.0,2016
preston,west virginia,33059.0,2016
putnam,west virginia,42222.0,2016
raleigh,west virginia,35280.0,2016
randolph,west virginia,33217.0,2016
ritchie,west virginia,31893.0,2016
roane,west virginia,30881.0,2016
summers,west virginia,28278.0,2016
taylor,west virginia,35136.0,2016
tucker,west virginia,33847.0,2016
tyler,west virginia,32798.0,2016
upshur,west virginia,30790.0,2016
wayne,west virginia,30296.0,2016
webster,west virginia,26644.0,2016
wetzel,west virginia,34072.0,2016
wirt,west virginia,28956.0,2016
wood,west virginia,38194.0,2016
wyoming,west virginia,27510.0,2016
adams,wisconsin,35963.0,2016
ashland,wisconsin,36817.0,2016
barron,wisconsin,44458.0,2016
bayfield,wisconsin,42370.0,2016
brown,wisconsin,47319.0,2016
buffalo,wisconsin,42666.0,2016
burnett,wisconsin,38987.0,2016
calumet,wisconsin,45569.0,2016
chippewa,wisconsin,41434.0,2016
clark,wisconsin,36683.0,2016
columbia,wisconsin,46574.0,2016
crawford,wisconsin,38041.0,2016
dane,wisconsin,55232.0,2016
dodge,wisconsin,40224.0,2016
door,wisconsin,55336.0,2016
douglas,wisconsin,38861.0,2016
dunn,wisconsin,36411.0,2016
eau claire,wisconsin,43543.0,2016
florence,wisconsin,48949.0,2016
fond du lac,wisconsin,44665.0,2016
forest,wisconsin,35263.0,2016
grant,wisconsin,39588.0,2016
green,wisconsin,46729.0,2016
green lake,wisconsin,44759.0,2016
iowa,wisconsin,44484.0,2016
iron,wisconsin,44542.0,2016
jackson,wisconsin,39690.0,2016
jefferson,wisconsin,41698.0,2016
juneau,wisconsin,37345.0,2016
kenosha,wisconsin,42368.0,2016
kewaunee,wisconsin,42867.0,2016
la crosse,wisconsin,45731.0,2016
lafayette,wisconsin,42877.0,2016
langlade,wisconsin,40940.0,2016
lincoln,wisconsin,41410.0,2016
manitowoc,wisconsin,45433.0,2016
marathon,wisconsin,45076.0,2016
marinette,wisconsin,40338.0,2016
marquette,wisconsin,37159.0,2016
menominee,wisconsin,27907.0,2016
milwaukee,wisconsin,43375.0,2016
monroe,wisconsin,38566.0,2016
oconto,wisconsin,41614.0,2016
oneida,wisconsin,46675.0,2016
outagamie,wisconsin,46814.0,2016
ozaukee,wisconsin,73944.0,2016
pepin,wisconsin,44954.0,2016
pierce,wisconsin,43314.0,2016
polk,wisconsin,42276.0,2016
portage,wisconsin,42386.0,2016
price,wisconsin,44123.0,2016
racine,wisconsin,44813.0,2016
richland,wisconsin,38905.0,2016
rock,wisconsin,40477.0,2016
rusk,wisconsin,35944.0,2016
st. croix,wisconsin,49494.0,2016
sauk,wisconsin,44037.0,2016
sawyer,wisconsin,41614.0,2016
shawano,wisconsin,38050.0,2016
sheboygan,wisconsin,47930.0,2016
taylor,wisconsin,36503.0,2016
trempealeau,wisconsin,42332.0,2016
vernon,wisconsin,37031.0,2016
vilas,wisconsin,50437.0,2016
walworth,wisconsin,43989.0,2016
washburn,wisconsin,43323.0,2016
washington,wisconsin,52051.0,2016
waukesha,wisconsin,65522.0,2016
waupaca,wisconsin,43448.0,2016
waushara,wisconsin,39829.0,2016
winnebago,wisconsin,43641.0,2016
wood,wisconsin,43193.0,2016
shawano,wisconsin,,2016
albany,wyoming,38898.0,2016
big horn,wyoming,35815.0,2016
campbell,wyoming,48507.0,2016
carbon,wyoming,49195.0,2016
converse,wyoming,51182.0,2016
crook,wyoming,40644.0,2016
fremont,wyoming,39326.0,2016
goshen,wyoming,40675.0,2016
hot springs,wyoming,51302.0,2016
johnson,wyoming,43447.0,2016
laramie,wyoming,49763.0,2016
lincoln,wyoming,39357.0,2016
natrona,wyoming,69087.0,2016
niobrara,wyoming,45046.0,2016
park,wyoming,50212.0,2016
platte,wyoming,43532.0,2016
sheridan,wyoming,52286.0,2016
sublette,wyoming,45863.0,2016
sweetwater,wyoming,48075.0,2016
teton,wyoming,199635.0,2016
uinta,wyoming,39613.0,2016
washakie,wyoming,42129.0,2016
weston,wyoming,41947.0,2016
